0 verbose cli /usr/local/bin/node /usr/local/bin/npm
1 info using npm@11.6.2
2 info using node@v24.12.0
3 silly config load:file:/usr/local/lib/node_modules/npm/npmrc
4 silly config load:file:/Users/erdemaslan/grohnfabrics/.npmrc
5 silly config load:file:/Users/erdemaslan/.npmrc
6 silly config load:file:/usr/local/etc/npmrc
7 verbose title npm install @supabase/supabase-js @supabase/ssr sharp zod stripe iyzipay lucide-react next-intl
8 verbose argv "install" "@supabase/supabase-js" "@supabase/ssr" "sharp" "zod" "stripe" "iyzipay" "lucide-react" "next-intl"
9 verbose logfile logs-max:10 dir:/Users/erdemaslan/grohnfabrics/.npm-cache/_logs/2026-01-13T21_01_46_913Z-
10 verbose logfile /Users/erdemaslan/grohnfabrics/.npm-cache/_logs/2026-01-13T21_01_46_913Z-debug-0.log
11 silly logfile done cleaning log files
12 silly packumentCache heap:4496293888 maxSize:1124073472 maxEntrySize:562036736
13 silly idealTree buildDeps
14 silly fetch manifest @supabase/supabase-js@*
15 silly packumentCache full:https://registry.npmjs.org/@supabase%2fsupabase-js cache-miss
16 http fetch GET 200 https://registry.npmjs.org/@supabase%2fsupabase-js 481ms (cache miss)
17 silly packumentCache full:https://registry.npmjs.org/@supabase%2fsupabase-js set size:undefined disposed:false
18 silly fetch manifest @supabase/ssr@*
19 silly packumentCache full:https://registry.npmjs.org/@supabase%2fssr cache-miss
20 http fetch GET 200 https://registry.npmjs.org/@supabase%2fssr 116ms (cache miss)
21 silly packumentCache full:https://registry.npmjs.org/@supabase%2fssr set size:undefined disposed:false
22 silly fetch manifest sharp@*
23 silly packumentCache full:https://registry.npmjs.org/sharp cache-miss
24 http fetch GET 200 https://registry.npmjs.org/sharp 89ms (cache miss)
25 silly packumentCache full:https://registry.npmjs.org/sharp set size:undefined disposed:false
26 silly fetch manifest zod@*
27 silly packumentCache full:https://registry.npmjs.org/zod cache-miss
28 http fetch GET 200 https://registry.npmjs.org/zod 198ms (cache miss)
29 silly packumentCache full:https://registry.npmjs.org/zod set size:undefined disposed:false
30 silly fetch manifest stripe@*
31 silly packumentCache full:https://registry.npmjs.org/stripe cache-miss
32 http fetch GET 200 https://registry.npmjs.org/stripe 108ms (cache miss)
33 silly packumentCache full:https://registry.npmjs.org/stripe set size:undefined disposed:false
34 silly fetch manifest @types/node@^20
35 silly packumentCache full:https://registry.npmjs.org/@types%2fnode cache-miss
36 http fetch GET 200 https://registry.npmjs.org/@types%2fnode 240ms (cache miss)
37 silly packumentCache full:https://registry.npmjs.org/@types%2fnode set size:undefined disposed:false
38 silly fetch manifest iyzipay@*
39 silly packumentCache full:https://registry.npmjs.org/iyzipay cache-miss
40 http fetch GET 200 https://registry.npmjs.org/iyzipay 342ms (cache miss)
41 silly packumentCache full:https://registry.npmjs.org/iyzipay set size:undefined disposed:false
42 silly fetch manifest lucide-react@*
43 silly packumentCache full:https://registry.npmjs.org/lucide-react cache-miss
44 http fetch GET 200 https://registry.npmjs.org/lucide-react 105ms (cache miss)
45 silly packumentCache full:https://registry.npmjs.org/lucide-react set size:undefined disposed:false
46 silly fetch manifest react@19.2.3
47 silly packumentCache full:https://registry.npmjs.org/react cache-miss
48 http fetch GET 200 https://registry.npmjs.org/react 181ms (cache miss)
49 silly packumentCache full:https://registry.npmjs.org/react set size:undefined disposed:false
50 silly fetch manifest next-intl@*
51 silly packumentCache full:https://registry.npmjs.org/next-intl cache-miss
52 http fetch GET 200 https://registry.npmjs.org/next-intl 86ms (cache miss)
53 silly packumentCache full:https://registry.npmjs.org/next-intl set size:undefined disposed:false
54 silly fetch manifest next@16.1.1
55 silly packumentCache full:https://registry.npmjs.org/next cache-miss
56 http fetch GET 200 https://registry.npmjs.org/next 384ms (cache miss)
57 silly packumentCache full:https://registry.npmjs.org/next set size:undefined disposed:false
58 silly fetch manifest @opentelemetry/api@^1.1.0
59 silly packumentCache full:https://registry.npmjs.org/@opentelemetry%2fapi cache-miss
60 http fetch GET 200 https://registry.npmjs.org/@opentelemetry%2fapi 93ms (cache miss)
61 silly packumentCache full:https://registry.npmjs.org/@opentelemetry%2fapi set size:undefined disposed:false
62 silly fetch manifest @playwright/test@^1.51.1
63 silly packumentCache full:https://registry.npmjs.org/@playwright%2ftest cache-miss
64 http fetch GET 200 https://registry.npmjs.org/@playwright%2ftest 289ms (cache miss)
65 silly packumentCache full:https://registry.npmjs.org/@playwright%2ftest set size:undefined disposed:false
66 silly fetch manifest babel-plugin-react-compiler@*
67 silly packumentCache full:https://registry.npmjs.org/babel-plugin-react-compiler cache-miss
68 http fetch GET 200 https://registry.npmjs.org/babel-plugin-react-compiler 80ms (cache miss)
69 silly packumentCache full:https://registry.npmjs.org/babel-plugin-react-compiler set size:undefined disposed:false
70 silly fetch manifest react-dom@19.2.3
71 silly packumentCache full:https://registry.npmjs.org/react-dom cache-miss
72 http fetch GET 200 https://registry.npmjs.org/react-dom 194ms (cache miss)
73 silly packumentCache full:https://registry.npmjs.org/react-dom set size:undefined disposed:false
74 silly fetch manifest sass@^1.3.0
75 silly packumentCache full:https://registry.npmjs.org/sass cache-miss
76 http fetch GET 200 https://registry.npmjs.org/sass 137ms (cache miss)
77 silly packumentCache full:https://registry.npmjs.org/sass set size:undefined disposed:false
78 silly fetch manifest typescript@^5
79 silly packumentCache full:https://registry.npmjs.org/typescript cache-miss
80 http fetch GET 200 https://registry.npmjs.org/typescript 250ms (cache miss)
81 silly packumentCache full:https://registry.npmjs.org/typescript set size:undefined disposed:false
82 silly placeDep ROOT @supabase/ssr@0.8.0 OK for: grohnfabrics@0.1.0 want: *
83 silly placeDep ROOT @supabase/supabase-js@2.90.1 OK for: @supabase/ssr@0.8.0 want: ^2.76.1
84 silly placeDep ROOT @supabase/supabase-js@2.90.1 REPLACE for: grohnfabrics@0.1.0 want: *
85 silly placeDep ROOT iyzipay@2.0.64 OK for: grohnfabrics@0.1.0 want: *
86 silly placeDep ROOT lucide-react@0.562.0 OK for: grohnfabrics@0.1.0 want: *
87 silly placeDep ROOT next-intl@4.7.0 OK for: grohnfabrics@0.1.0 want: *
88 silly placeDep ROOT sharp@0.34.5 REPLACE for: grohnfabrics@0.1.0 want: *
89 silly placeDep ROOT stripe@20.1.2 OK for: grohnfabrics@0.1.0 want: *
90 silly placeDep ROOT zod@4.3.5 REPLACE for: grohnfabrics@0.1.0 want: *
91 silly fetch manifest cookie@^1.0.2
92 silly packumentCache full:https://registry.npmjs.org/cookie cache-miss
93 silly fetch manifest @supabase/auth-js@2.90.1
94 silly packumentCache full:https://registry.npmjs.org/@supabase%2fauth-js cache-miss
95 silly fetch manifest @supabase/storage-js@2.90.1
96 silly packumentCache full:https://registry.npmjs.org/@supabase%2fstorage-js cache-miss
97 silly fetch manifest @supabase/realtime-js@2.90.1
98 silly packumentCache full:https://registry.npmjs.org/@supabase%2frealtime-js cache-miss
99 silly fetch manifest @supabase/functions-js@2.90.1
100 silly packumentCache full:https://registry.npmjs.org/@supabase%2ffunctions-js cache-miss
101 silly fetch manifest @supabase/postgrest-js@2.90.1
102 silly packumentCache full:https://registry.npmjs.org/@supabase%2fpostgrest-js cache-miss
103 silly fetch manifest @supabase/auth-js@2.90.1
104 silly packumentCache full:https://registry.npmjs.org/@supabase%2fauth-js cache-miss
105 http fetch GET 200 https://registry.npmjs.org/cookie 81ms (cache miss)
106 silly packumentCache full:https://registry.npmjs.org/cookie set size:undefined disposed:false
107 silly fetch manifest @supabase/storage-js@2.90.1
108 silly packumentCache full:https://registry.npmjs.org/@supabase%2fstorage-js cache-miss
109 http fetch GET 200 https://registry.npmjs.org/@supabase%2fstorage-js 135ms (cache miss)
110 silly packumentCache full:https://registry.npmjs.org/@supabase%2fstorage-js set size:undefined disposed:false
111 silly fetch manifest @supabase/realtime-js@2.90.1
112 silly packumentCache full:https://registry.npmjs.org/@supabase%2frealtime-js cache-miss
113 http fetch GET 200 https://registry.npmjs.org/@supabase%2fauth-js 298ms (cache miss)
114 silly packumentCache full:https://registry.npmjs.org/@supabase%2fauth-js set size:undefined disposed:false
115 silly fetch manifest @supabase/functions-js@2.90.1
116 silly packumentCache full:https://registry.npmjs.org/@supabase%2ffunctions-js cache-miss
117 http fetch GET 200 https://registry.npmjs.org/@supabase%2ffunctions-js 321ms (cache miss)
118 silly packumentCache full:https://registry.npmjs.org/@supabase%2ffunctions-js set size:undefined disposed:false
119 silly fetch manifest @supabase/postgrest-js@2.90.1
120 silly packumentCache full:https://registry.npmjs.org/@supabase%2fpostgrest-js cache-miss
121 http fetch GET 200 https://registry.npmjs.org/@supabase%2fauth-js 325ms (cache miss)
122 silly packumentCache full:https://registry.npmjs.org/@supabase%2fauth-js set size:undefined disposed:false
123 silly fetch manifest postman-request@^2.88.1-postman.40
124 silly packumentCache full:https://registry.npmjs.org/postman-request cache-miss
125 http fetch GET 200 https://registry.npmjs.org/@supabase%2frealtime-js 109ms (cache miss)
126 silly packumentCache full:https://registry.npmjs.org/@supabase%2frealtime-js set size:undefined disposed:false
127 silly fetch manifest @formatjs/intl-localematcher@^0.5.4
128 silly packumentCache full:https://registry.npmjs.org/@formatjs%2fintl-localematcher cache-miss
129 http fetch GET 200 https://registry.npmjs.org/@supabase%2fstorage-js 360ms (cache miss)
130 silly packumentCache full:https://registry.npmjs.org/@supabase%2fstorage-js set size:undefined disposed:false
131 silly fetch manifest @parcel/watcher@^2.4.1
132 silly packumentCache full:https://registry.npmjs.org/@parcel%2fwatcher cache-miss
133 http fetch GET 200 https://registry.npmjs.org/@supabase%2ffunctions-js 84ms (cache miss)
134 silly packumentCache full:https://registry.npmjs.org/@supabase%2ffunctions-js set size:undefined disposed:false
135 silly fetch manifest @swc/core@^1.15.2
136 silly packumentCache full:https://registry.npmjs.org/@swc%2fcore cache-miss
137 http fetch GET 200 https://registry.npmjs.org/postman-request 86ms (cache miss)
138 silly packumentCache full:https://registry.npmjs.org/postman-request set size:undefined disposed:false
139 silly fetch manifest negotiator@^1.0.0
140 silly packumentCache full:https://registry.npmjs.org/negotiator cache-miss
141 http fetch GET 200 https://registry.npmjs.org/@supabase%2frealtime-js 419ms (cache miss)
142 silly packumentCache full:https://registry.npmjs.org/@supabase%2frealtime-js set size:undefined disposed:false
143 silly fetch manifest next-intl-swc-plugin-extractor@^4.7.0
144 silly packumentCache full:https://registry.npmjs.org/next-intl-swc-plugin-extractor cache-miss
145 http fetch GET 200 https://registry.npmjs.org/@formatjs%2fintl-localematcher 89ms (cache miss)
146 silly packumentCache full:https://registry.npmjs.org/@formatjs%2fintl-localematcher set size:undefined disposed:false
147 silly fetch manifest po-parser@^2.1.1
148 silly packumentCache full:https://registry.npmjs.org/po-parser cache-miss
149 http fetch GET 200 https://registry.npmjs.org/@supabase%2fpostgrest-js 442ms (cache miss)
150 silly packumentCache full:https://registry.npmjs.org/@supabase%2fpostgrest-js set size:undefined disposed:false
151 silly fetch manifest use-intl@^4.7.0
152 silly packumentCache full:https://registry.npmjs.org/use-intl cache-miss
153 http fetch GET 200 https://registry.npmjs.org/@parcel%2fwatcher 94ms (cache miss)
154 silly packumentCache full:https://registry.npmjs.org/@parcel%2fwatcher set size:undefined disposed:false
155 silly fetch manifest qs@^6.14.1
156 silly packumentCache full:https://registry.npmjs.org/qs cache-miss
157 http fetch GET 200 https://registry.npmjs.org/@supabase%2fpostgrest-js 155ms (cache miss)
158 silly packumentCache full:https://registry.npmjs.org/@supabase%2fpostgrest-js set size:undefined disposed:false
159 http fetch GET 200 https://registry.npmjs.org/po-parser 73ms (cache miss)
160 silly packumentCache full:https://registry.npmjs.org/po-parser set size:undefined disposed:false
161 http fetch GET 200 https://registry.npmjs.org/negotiator 82ms (cache miss)
162 silly packumentCache full:https://registry.npmjs.org/negotiator set size:undefined disposed:false
163 http fetch GET 200 https://registry.npmjs.org/@swc%2fcore 138ms (cache miss)
164 silly packumentCache full:https://registry.npmjs.org/@swc%2fcore set size:undefined disposed:false
165 http fetch GET 200 https://registry.npmjs.org/qs 91ms (cache miss)
166 silly packumentCache full:https://registry.npmjs.org/qs set size:undefined disposed:false
167 http fetch GET 200 https://registry.npmjs.org/next-intl-swc-plugin-extractor 313ms (cache miss)
168 silly packumentCache full:https://registry.npmjs.org/next-intl-swc-plugin-extractor set size:undefined disposed:false
169 http fetch GET 200 https://registry.npmjs.org/use-intl 297ms (cache miss)
170 silly packumentCache full:https://registry.npmjs.org/use-intl set size:undefined disposed:false
171 silly placeDep ROOT cookie@1.1.1 OK for: @supabase/ssr@0.8.0 want: ^1.0.2
172 silly placeDep ROOT @supabase/auth-js@2.90.1 OK for: @supabase/supabase-js@2.90.1 want: 2.90.1
173 silly placeDep ROOT @supabase/functions-js@2.90.1 OK for: @supabase/supabase-js@2.90.1 want: 2.90.1
174 silly placeDep ROOT @supabase/postgrest-js@2.90.1 OK for: @supabase/supabase-js@2.90.1 want: 2.90.1
175 silly placeDep ROOT @supabase/realtime-js@2.90.1 OK for: @supabase/supabase-js@2.90.1 want: 2.90.1
176 silly placeDep ROOT @supabase/storage-js@2.90.1 OK for: @supabase/supabase-js@2.90.1 want: 2.90.1
177 silly fetch manifest ws@^8.18.2
178 silly packumentCache full:https://registry.npmjs.org/ws cache-miss
179 silly fetch manifest @types/ws@^8.18.1
180 silly packumentCache full:https://registry.npmjs.org/@types%2fws cache-miss
181 silly fetch manifest @types/phoenix@^1.6.6
182 silly packumentCache full:https://registry.npmjs.org/@types%2fphoenix cache-miss
183 silly fetch manifest iceberg-js@^0.8.1
184 silly packumentCache full:https://registry.npmjs.org/iceberg-js cache-miss
185 http fetch GET 200 https://registry.npmjs.org/iceberg-js 69ms (cache miss)
186 silly packumentCache full:https://registry.npmjs.org/iceberg-js set size:undefined disposed:false
187 http fetch GET 200 https://registry.npmjs.org/ws 79ms (cache miss)
188 silly packumentCache full:https://registry.npmjs.org/ws set size:undefined disposed:false
189 http fetch GET 200 https://registry.npmjs.org/@types%2fws 92ms (cache miss)
190 silly packumentCache full:https://registry.npmjs.org/@types%2fws set size:undefined disposed:false
191 http fetch GET 200 https://registry.npmjs.org/@types%2fphoenix 105ms (cache miss)
192 silly packumentCache full:https://registry.npmjs.org/@types%2fphoenix set size:undefined disposed:false
193 silly fetch manifest bufferutil@^4.0.1
194 silly packumentCache full:https://registry.npmjs.org/bufferutil cache-miss
195 http fetch GET 200 https://registry.npmjs.org/bufferutil 71ms (cache miss)
196 silly packumentCache full:https://registry.npmjs.org/bufferutil set size:undefined disposed:false
197 silly fetch manifest utf-8-validate@>=5.0.2
198 silly packumentCache full:https://registry.npmjs.org/utf-8-validate cache-miss
199 http fetch GET 200 https://registry.npmjs.org/utf-8-validate 84ms (cache miss)
200 silly packumentCache full:https://registry.npmjs.org/utf-8-validate set size:undefined disposed:false
201 silly placeDep ROOT @types/phoenix@1.6.7 OK for: @supabase/realtime-js@2.90.1 want: ^1.6.6
202 silly placeDep ROOT @types/ws@8.18.1 OK for: @supabase/realtime-js@2.90.1 want: ^8.18.1
203 silly placeDep ROOT ws@8.19.0 OK for: @supabase/realtime-js@2.90.1 want: ^8.18.2
204 silly placeDep ROOT iceberg-js@0.8.1 OK for: @supabase/storage-js@2.90.1 want: ^0.8.1
205 silly placeDep ROOT postman-request@2.88.1-postman.47 OK for: iyzipay@2.0.64 want: ^2.88.1-postman.40
206 silly fetch manifest @postman/form-data@~3.1.1
207 silly packumentCache full:https://registry.npmjs.org/@postman%2fform-data cache-miss
208 silly fetch manifest @postman/tough-cookie@~4.1.3-postman.1
209 silly packumentCache full:https://registry.npmjs.org/@postman%2ftough-cookie cache-miss
210 silly fetch manifest @postman/tunnel-agent@^0.6.8
211 silly packumentCache full:https://registry.npmjs.org/@postman%2ftunnel-agent cache-miss
212 silly fetch manifest aws-sign2@~0.7.0
213 silly packumentCache full:https://registry.npmjs.org/aws-sign2 cache-miss
214 silly fetch manifest aws4@^1.12.0
215 silly packumentCache full:https://registry.npmjs.org/aws4 cache-miss
216 silly fetch manifest caseless@~0.12.0
217 silly packumentCache full:https://registry.npmjs.org/caseless cache-miss
218 silly fetch manifest combined-stream@~1.0.6
219 silly packumentCache full:https://registry.npmjs.org/combined-stream cache-miss
220 http fetch GET 200 https://registry.npmjs.org/caseless 90ms (cache miss)
221 silly packumentCache full:https://registry.npmjs.org/caseless set size:undefined disposed:false
222 silly fetch manifest extend@~3.0.2
223 silly packumentCache full:https://registry.npmjs.org/extend cache-miss
224 http fetch GET 200 https://registry.npmjs.org/combined-stream 92ms (cache miss)
225 silly packumentCache full:https://registry.npmjs.org/combined-stream set size:undefined disposed:false
226 silly fetch manifest forever-agent@~0.6.1
227 silly packumentCache full:https://registry.npmjs.org/forever-agent cache-miss
228 http fetch GET 200 https://registry.npmjs.org/aws-sign2 94ms (cache miss)
229 silly packumentCache full:https://registry.npmjs.org/aws-sign2 set size:undefined disposed:false
230 silly fetch manifest http-signature@~1.4.0
231 silly packumentCache full:https://registry.npmjs.org/http-signature cache-miss
232 http fetch GET 200 https://registry.npmjs.org/@postman%2ftough-cookie 98ms (cache miss)
233 silly packumentCache full:https://registry.npmjs.org/@postman%2ftough-cookie set size:undefined disposed:false
234 silly fetch manifest is-typedarray@~1.0.0
235 silly packumentCache full:https://registry.npmjs.org/is-typedarray cache-miss
236 http fetch GET 200 https://registry.npmjs.org/aws4 99ms (cache miss)
237 silly packumentCache full:https://registry.npmjs.org/aws4 set size:undefined disposed:false
238 silly fetch manifest isstream@~0.1.2
239 silly packumentCache full:https://registry.npmjs.org/isstream cache-miss
240 http fetch GET 200 https://registry.npmjs.org/forever-agent 139ms (cache miss)
241 silly packumentCache full:https://registry.npmjs.org/forever-agent set size:undefined disposed:false
242 silly fetch manifest json-stringify-safe@~5.0.1
243 silly packumentCache full:https://registry.npmjs.org/json-stringify-safe cache-miss
244 http fetch GET 200 https://registry.npmjs.org/isstream 134ms (cache miss)
245 silly packumentCache full:https://registry.npmjs.org/isstream set size:undefined disposed:false
246 silly fetch manifest mime-types@^2.1.35
247 silly packumentCache full:https://registry.npmjs.org/mime-types cache-miss
248 http fetch GET 200 https://registry.npmjs.org/extend 143ms (cache miss)
249 silly packumentCache full:https://registry.npmjs.org/extend set size:undefined disposed:false
250 silly fetch manifest oauth-sign@~0.9.0
251 silly packumentCache full:https://registry.npmjs.org/oauth-sign cache-miss
252 http fetch GET 200 https://registry.npmjs.org/@postman%2fform-data 239ms (cache miss)
253 silly packumentCache full:https://registry.npmjs.org/@postman%2fform-data set size:undefined disposed:false
254 silly fetch manifest qs@~6.5.3
255 silly packumentCache full:https://registry.npmjs.org/qs cache-miss
256 http fetch GET 200 https://registry.npmjs.org/http-signature 144ms (cache miss)
257 silly packumentCache full:https://registry.npmjs.org/http-signature set size:undefined disposed:false
258 silly fetch manifest safe-buffer@^5.1.2
259 silly packumentCache full:https://registry.npmjs.org/safe-buffer cache-miss
260 http fetch GET 200 https://registry.npmjs.org/is-typedarray 145ms (cache miss)
261 silly packumentCache full:https://registry.npmjs.org/is-typedarray set size:undefined disposed:false
262 silly fetch manifest socks-proxy-agent@^8.0.5
263 silly packumentCache full:https://registry.npmjs.org/socks-proxy-agent cache-miss
264 http cache https://registry.npmjs.org/qs 12ms (cache hit)
265 silly packumentCache full:https://registry.npmjs.org/qs set size:268000 disposed:false
266 silly fetch manifest stream-length@^1.0.2
267 silly packumentCache full:https://registry.npmjs.org/stream-length cache-miss
268 http fetch GET 200 https://registry.npmjs.org/@postman%2ftunnel-agent 266ms (cache miss)
269 silly packumentCache full:https://registry.npmjs.org/@postman%2ftunnel-agent set size:undefined disposed:false
270 silly fetch manifest uuid@^8.3.2
271 silly packumentCache full:https://registry.npmjs.org/uuid cache-miss
272 http fetch GET 200 https://registry.npmjs.org/mime-types 62ms (cache miss)
273 silly packumentCache full:https://registry.npmjs.org/mime-types set size:undefined disposed:false
274 http fetch GET 200 https://registry.npmjs.org/oauth-sign 77ms (cache miss)
275 silly packumentCache full:https://registry.npmjs.org/oauth-sign set size:undefined disposed:false
276 http fetch GET 200 https://registry.npmjs.org/safe-buffer 79ms (cache miss)
277 silly packumentCache full:https://registry.npmjs.org/safe-buffer set size:undefined disposed:false
278 http fetch GET 200 https://registry.npmjs.org/stream-length 73ms (cache miss)
279 silly packumentCache full:https://registry.npmjs.org/stream-length set size:undefined disposed:false
280 http fetch GET 200 https://registry.npmjs.org/socks-proxy-agent 84ms (cache miss)
281 silly packumentCache full:https://registry.npmjs.org/socks-proxy-agent set size:undefined disposed:false
282 http fetch GET 200 https://registry.npmjs.org/json-stringify-safe 112ms (cache miss)
283 silly packumentCache full:https://registry.npmjs.org/json-stringify-safe set size:undefined disposed:false
284 http fetch GET 200 https://registry.npmjs.org/uuid 81ms (cache miss)
285 silly packumentCache full:https://registry.npmjs.org/uuid set size:undefined disposed:false
286 silly fetch manifest @swc/helpers@>=0.5.17
287 silly packumentCache full:https://registry.npmjs.org/@swc%2fhelpers cache-miss
288 http fetch GET 200 https://registry.npmjs.org/@swc%2fhelpers 91ms (cache miss)
289 silly packumentCache full:https://registry.npmjs.org/@swc%2fhelpers set size:undefined disposed:false
290 silly fetch manifest react@^16.8.0 || ^17.0.0 || ^18.0.0 || >=19.0.0-rc <19.0.0 || ^19.0.0
291 silly packumentCache full:https://registry.npmjs.org/react cache-miss
292 http cache https://registry.npmjs.org/react 11ms (cache hit)
293 silly packumentCache full:https://registry.npmjs.org/react set size:6374482 disposed:false
294 silly placeDep ROOT @formatjs/intl-localematcher@0.5.10 OK for: next-intl@4.7.0 want: ^0.5.4
295 silly placeDep ROOT @parcel/watcher@2.5.4 OK for: next-intl@4.7.0 want: ^2.4.1
296 silly placeDep node_modules/next-intl @swc/core@1.15.8 OK for: next-intl@4.7.0 want: ^1.15.2
297 silly placeDep node_modules/next-intl @swc/helpers@0.5.18 OK for: @swc/core@1.15.8 want: >=0.5.17
298 silly placeDep ROOT negotiator@1.0.0 OK for: next-intl@4.7.0 want: ^1.0.0
299 silly placeDep ROOT next-intl-swc-plugin-extractor@4.7.0 OK for: next-intl@4.7.0 want: ^4.7.0
300 silly placeDep ROOT po-parser@2.1.1 OK for: next-intl@4.7.0 want: ^2.1.1
301 silly placeDep ROOT use-intl@4.7.0 OK for: next-intl@4.7.0 want: ^4.7.0
302 silly fetch manifest node-addon-api@^7.0.0
303 silly packumentCache full:https://registry.npmjs.org/node-addon-api cache-miss
304 silly fetch manifest picomatch@^4.0.3
305 silly packumentCache full:https://registry.npmjs.org/picomatch cache-miss
306 silly fetch manifest @parcel/watcher-darwin-x64@2.5.4
307 silly packumentCache full:https://registry.npmjs.org/@parcel%2fwatcher-darwin-x64 cache-miss
308 silly fetch manifest @parcel/watcher-darwin-arm64@2.5.4
309 silly packumentCache full:https://registry.npmjs.org/@parcel%2fwatcher-darwin-arm64 cache-miss
310 silly fetch manifest @parcel/watcher-win32-x64@2.5.4
311 silly packumentCache full:https://registry.npmjs.org/@parcel%2fwatcher-win32-x64 cache-miss
312 silly fetch manifest @parcel/watcher-win32-arm64@2.5.4
313 silly packumentCache full:https://registry.npmjs.org/@parcel%2fwatcher-win32-arm64 cache-miss
314 silly fetch manifest @parcel/watcher-win32-ia32@2.5.4
315 silly packumentCache full:https://registry.npmjs.org/@parcel%2fwatcher-win32-ia32 cache-miss
316 http fetch GET 200 https://registry.npmjs.org/@parcel%2fwatcher-win32-ia32 81ms (cache miss)
317 silly packumentCache full:https://registry.npmjs.org/@parcel%2fwatcher-win32-ia32 set size:undefined disposed:false
318 silly fetch manifest @parcel/watcher-linux-x64-glibc@2.5.4
319 silly packumentCache full:https://registry.npmjs.org/@parcel%2fwatcher-linux-x64-glibc cache-miss
320 http fetch GET 200 https://registry.npmjs.org/node-addon-api 84ms (cache miss)
321 silly packumentCache full:https://registry.npmjs.org/node-addon-api set size:undefined disposed:false
322 silly fetch manifest @parcel/watcher-linux-x64-musl@2.5.4
323 silly packumentCache full:https://registry.npmjs.org/@parcel%2fwatcher-linux-x64-musl cache-miss
324 http fetch GET 200 https://registry.npmjs.org/picomatch 88ms (cache miss)
325 silly packumentCache full:https://registry.npmjs.org/picomatch set size:undefined disposed:false
326 silly fetch manifest @parcel/watcher-linux-arm64-glibc@2.5.4
327 silly packumentCache full:https://registry.npmjs.org/@parcel%2fwatcher-linux-arm64-glibc cache-miss
328 http fetch GET 200 https://registry.npmjs.org/@parcel%2fwatcher-darwin-arm64 95ms (cache miss)
329 silly packumentCache full:https://registry.npmjs.org/@parcel%2fwatcher-darwin-arm64 set size:undefined disposed:false
330 silly fetch manifest @parcel/watcher-linux-arm64-musl@2.5.4
331 silly packumentCache full:https://registry.npmjs.org/@parcel%2fwatcher-linux-arm64-musl cache-miss
332 http fetch GET 200 https://registry.npmjs.org/@parcel%2fwatcher-win32-arm64 96ms (cache miss)
333 silly packumentCache full:https://registry.npmjs.org/@parcel%2fwatcher-win32-arm64 set size:undefined disposed:false
334 silly fetch manifest @parcel/watcher-linux-arm-glibc@2.5.4
335 silly packumentCache full:https://registry.npmjs.org/@parcel%2fwatcher-linux-arm-glibc cache-miss
336 http fetch GET 200 https://registry.npmjs.org/@parcel%2fwatcher-darwin-x64 108ms (cache miss)
337 silly packumentCache full:https://registry.npmjs.org/@parcel%2fwatcher-darwin-x64 set size:undefined disposed:false
338 silly fetch manifest @parcel/watcher-linux-arm-musl@2.5.4
339 silly packumentCache full:https://registry.npmjs.org/@parcel%2fwatcher-linux-arm-musl cache-miss
340 http fetch GET 200 https://registry.npmjs.org/@parcel%2fwatcher-win32-x64 152ms (cache miss)
341 silly packumentCache full:https://registry.npmjs.org/@parcel%2fwatcher-win32-x64 set size:undefined disposed:false
342 silly fetch manifest @parcel/watcher-android-arm64@2.5.4
343 silly packumentCache full:https://registry.npmjs.org/@parcel%2fwatcher-android-arm64 cache-miss
344 http fetch GET 200 https://registry.npmjs.org/@parcel%2fwatcher-linux-x64-glibc 78ms (cache miss)
345 silly packumentCache full:https://registry.npmjs.org/@parcel%2fwatcher-linux-x64-glibc set size:undefined disposed:false
346 silly fetch manifest @parcel/watcher-freebsd-x64@2.5.4
347 silly packumentCache full:https://registry.npmjs.org/@parcel%2fwatcher-freebsd-x64 cache-miss
348 http fetch GET 200 https://registry.npmjs.org/@parcel%2fwatcher-linux-x64-musl 171ms (cache miss)
349 silly packumentCache full:https://registry.npmjs.org/@parcel%2fwatcher-linux-x64-musl set size:undefined disposed:false
350 silly fetch manifest @swc/counter@^0.1.3
351 silly packumentCache full:https://registry.npmjs.org/@swc%2fcounter cache-miss
352 http fetch GET 200 https://registry.npmjs.org/@parcel%2fwatcher-linux-arm64-glibc 169ms (cache miss)
353 silly packumentCache full:https://registry.npmjs.org/@parcel%2fwatcher-linux-arm64-glibc set size:undefined disposed:false
354 silly fetch manifest @swc/types@^0.1.25
355 silly packumentCache full:https://registry.npmjs.org/@swc%2ftypes cache-miss
356 http fetch GET 200 https://registry.npmjs.org/@parcel%2fwatcher-linux-arm-musl 151ms (cache miss)
357 silly packumentCache full:https://registry.npmjs.org/@parcel%2fwatcher-linux-arm-musl set size:undefined disposed:false
358 silly fetch manifest @swc/core-darwin-x64@1.15.8
359 silly packumentCache full:https://registry.npmjs.org/@swc%2fcore-darwin-x64 cache-miss
360 http fetch GET 200 https://registry.npmjs.org/@parcel%2fwatcher-linux-arm64-musl 166ms (cache miss)
361 silly packumentCache full:https://registry.npmjs.org/@parcel%2fwatcher-linux-arm64-musl set size:undefined disposed:false
362 silly fetch manifest @swc/core-win32-x64-msvc@1.15.8
363 silly packumentCache full:https://registry.npmjs.org/@swc%2fcore-win32-x64-msvc cache-miss
364 http fetch GET 200 https://registry.npmjs.org/@parcel%2fwatcher-linux-arm-glibc 165ms (cache miss)
365 silly packumentCache full:https://registry.npmjs.org/@parcel%2fwatcher-linux-arm-glibc set size:undefined disposed:false
366 silly fetch manifest @swc/core-linux-x64-gnu@1.15.8
367 silly packumentCache full:https://registry.npmjs.org/@swc%2fcore-linux-x64-gnu cache-miss
368 http fetch GET 200 https://registry.npmjs.org/@parcel%2fwatcher-android-arm64 133ms (cache miss)
369 silly packumentCache full:https://registry.npmjs.org/@parcel%2fwatcher-android-arm64 set size:undefined disposed:false
370 silly fetch manifest @swc/core-linux-x64-musl@1.15.8
371 silly packumentCache full:https://registry.npmjs.org/@swc%2fcore-linux-x64-musl cache-miss
372 http fetch GET 200 https://registry.npmjs.org/@parcel%2fwatcher-freebsd-x64 162ms (cache miss)
373 silly packumentCache full:https://registry.npmjs.org/@parcel%2fwatcher-freebsd-x64 set size:undefined disposed:false
374 silly fetch manifest @swc/core-win32-ia32-msvc@1.15.8
375 silly packumentCache full:https://registry.npmjs.org/@swc%2fcore-win32-ia32-msvc cache-miss
376 http fetch GET 200 https://registry.npmjs.org/@swc%2fcounter 89ms (cache miss)
377 silly packumentCache full:https://registry.npmjs.org/@swc%2fcounter set size:undefined disposed:false
378 silly fetch manifest @swc/core-linux-arm-gnueabihf@1.15.8
379 silly packumentCache full:https://registry.npmjs.org/@swc%2fcore-linux-arm-gnueabihf cache-miss
380 http fetch GET 200 https://registry.npmjs.org/@swc%2ftypes 102ms (cache miss)
381 silly packumentCache full:https://registry.npmjs.org/@swc%2ftypes set size:undefined disposed:false
382 silly fetch manifest @swc/core-darwin-arm64@1.15.8
383 silly packumentCache full:https://registry.npmjs.org/@swc%2fcore-darwin-arm64 cache-miss
384 http fetch GET 200 https://registry.npmjs.org/@swc%2fcore-win32-x64-msvc 129ms (cache miss)
385 silly packumentCache full:https://registry.npmjs.org/@swc%2fcore-win32-x64-msvc set size:undefined disposed:false
386 silly fetch manifest @swc/core-linux-arm64-gnu@1.15.8
387 silly packumentCache full:https://registry.npmjs.org/@swc%2fcore-linux-arm64-gnu cache-miss
388 http fetch GET 200 https://registry.npmjs.org/@swc%2fcore-darwin-x64 142ms (cache miss)
389 silly packumentCache full:https://registry.npmjs.org/@swc%2fcore-darwin-x64 set size:undefined disposed:false
390 silly fetch manifest @swc/core-linux-arm64-musl@1.15.8
391 silly packumentCache full:https://registry.npmjs.org/@swc%2fcore-linux-arm64-musl cache-miss
392 http fetch GET 200 https://registry.npmjs.org/@swc%2fcore-linux-x64-gnu 153ms (cache miss)
393 silly packumentCache full:https://registry.npmjs.org/@swc%2fcore-linux-x64-gnu set size:undefined disposed:false
394 silly fetch manifest @swc/core-win32-arm64-msvc@1.15.8
395 silly packumentCache full:https://registry.npmjs.org/@swc%2fcore-win32-arm64-msvc cache-miss
396 http fetch GET 200 https://registry.npmjs.org/@swc%2fcore-win32-ia32-msvc 116ms (cache miss)
397 silly packumentCache full:https://registry.npmjs.org/@swc%2fcore-win32-ia32-msvc set size:undefined disposed:false
398 silly fetch manifest @formatjs/fast-memoize@^2.2.0
399 silly packumentCache full:https://registry.npmjs.org/@formatjs%2ffast-memoize cache-miss
400 http fetch GET 200 https://registry.npmjs.org/@swc%2fcore-linux-x64-musl 215ms (cache miss)
401 silly packumentCache full:https://registry.npmjs.org/@swc%2fcore-linux-x64-musl set size:undefined disposed:false
402 silly fetch manifest @schummar/icu-type-parser@1.21.5
403 silly packumentCache full:https://registry.npmjs.org/@schummar%2ficu-type-parser cache-miss
404 http fetch GET 200 https://registry.npmjs.org/@swc%2fcore-linux-arm-gnueabihf 165ms (cache miss)
405 silly packumentCache full:https://registry.npmjs.org/@swc%2fcore-linux-arm-gnueabihf set size:undefined disposed:false
406 silly fetch manifest intl-messageformat@^10.5.14
407 silly packumentCache full:https://registry.npmjs.org/intl-messageformat cache-miss
408 http fetch GET 200 https://registry.npmjs.org/@swc%2fcore-darwin-arm64 160ms (cache miss)
409 silly packumentCache full:https://registry.npmjs.org/@swc%2fcore-darwin-arm64 set size:undefined disposed:false
410 http fetch GET 200 https://registry.npmjs.org/@formatjs%2ffast-memoize 85ms (cache miss)
411 silly packumentCache full:https://registry.npmjs.org/@formatjs%2ffast-memoize set size:undefined disposed:false
412 http fetch GET 200 https://registry.npmjs.org/@swc%2fcore-linux-arm64-gnu 135ms (cache miss)
413 silly packumentCache full:https://registry.npmjs.org/@swc%2fcore-linux-arm64-gnu set size:undefined disposed:false
414 http fetch GET 200 https://registry.npmjs.org/@swc%2fcore-linux-arm64-musl 133ms (cache miss)
415 silly packumentCache full:https://registry.npmjs.org/@swc%2fcore-linux-arm64-musl set size:undefined disposed:false
416 http fetch GET 200 https://registry.npmjs.org/@swc%2fcore-win32-arm64-msvc 141ms (cache miss)
417 silly packumentCache full:https://registry.npmjs.org/@swc%2fcore-win32-arm64-msvc set size:undefined disposed:false
418 http fetch GET 200 https://registry.npmjs.org/intl-messageformat 99ms (cache miss)
419 silly packumentCache full:https://registry.npmjs.org/intl-messageformat set size:undefined disposed:false
420 http fetch GET 200 https://registry.npmjs.org/@schummar%2ficu-type-parser 595ms (cache miss)
421 silly packumentCache full:https://registry.npmjs.org/@schummar%2ficu-type-parser set size:undefined disposed:false
422 silly placeDep ROOT @parcel/watcher-android-arm64@2.5.4 OK for: @parcel/watcher@2.5.4 want: 2.5.4
423 silly placeDep ROOT @parcel/watcher-darwin-arm64@2.5.4 OK for: @parcel/watcher@2.5.4 want: 2.5.4
424 silly placeDep ROOT @parcel/watcher-darwin-x64@2.5.4 OK for: @parcel/watcher@2.5.4 want: 2.5.4
425 silly placeDep ROOT @parcel/watcher-freebsd-x64@2.5.4 OK for: @parcel/watcher@2.5.4 want: 2.5.4
426 silly placeDep ROOT @parcel/watcher-linux-arm-glibc@2.5.4 OK for: @parcel/watcher@2.5.4 want: 2.5.4
427 silly placeDep ROOT @parcel/watcher-linux-arm-musl@2.5.4 OK for: @parcel/watcher@2.5.4 want: 2.5.4
428 silly placeDep ROOT @parcel/watcher-linux-arm64-glibc@2.5.4 OK for: @parcel/watcher@2.5.4 want: 2.5.4
429 silly placeDep ROOT @parcel/watcher-linux-arm64-musl@2.5.4 OK for: @parcel/watcher@2.5.4 want: 2.5.4
430 silly placeDep ROOT @parcel/watcher-linux-x64-glibc@2.5.4 OK for: @parcel/watcher@2.5.4 want: 2.5.4
431 silly placeDep ROOT @parcel/watcher-linux-x64-musl@2.5.4 OK for: @parcel/watcher@2.5.4 want: 2.5.4
432 silly placeDep ROOT @parcel/watcher-win32-arm64@2.5.4 OK for: @parcel/watcher@2.5.4 want: 2.5.4
433 silly placeDep ROOT @parcel/watcher-win32-ia32@2.5.4 OK for: @parcel/watcher@2.5.4 want: 2.5.4
434 silly placeDep ROOT @parcel/watcher-win32-x64@2.5.4 OK for: @parcel/watcher@2.5.4 want: 2.5.4
435 silly placeDep ROOT node-addon-api@7.1.1 OK for: @parcel/watcher@2.5.4 want: ^7.0.0
436 silly placeDep node_modules/@parcel/watcher picomatch@4.0.3 OK for: @parcel/watcher@2.5.4 want: ^4.0.3
437 silly placeDep ROOT @postman/form-data@3.1.1 OK for: postman-request@2.88.1-postman.47 want: ~3.1.1
438 silly placeDep ROOT @postman/tough-cookie@4.1.3-postman.1 OK for: postman-request@2.88.1-postman.47 want: ~4.1.3-postman.1
439 silly placeDep ROOT @postman/tunnel-agent@0.6.8 OK for: postman-request@2.88.1-postman.47 want: ^0.6.8
440 silly placeDep ROOT aws-sign2@0.7.0 OK for: postman-request@2.88.1-postman.47 want: ~0.7.0
441 silly placeDep ROOT aws4@1.13.2 OK for: postman-request@2.88.1-postman.47 want: ^1.12.0
442 silly placeDep ROOT caseless@0.12.0 OK for: postman-request@2.88.1-postman.47 want: ~0.12.0
443 silly placeDep ROOT combined-stream@1.0.8 OK for: postman-request@2.88.1-postman.47 want: ~1.0.6
444 silly placeDep ROOT extend@3.0.2 OK for: postman-request@2.88.1-postman.47 want: ~3.0.2
445 silly placeDep ROOT forever-agent@0.6.1 OK for: postman-request@2.88.1-postman.47 want: ~0.6.1
446 silly placeDep ROOT http-signature@1.4.0 OK for: postman-request@2.88.1-postman.47 want: ~1.4.0
447 silly placeDep ROOT is-typedarray@1.0.0 OK for: postman-request@2.88.1-postman.47 want: ~1.0.0
448 silly placeDep ROOT isstream@0.1.2 OK for: postman-request@2.88.1-postman.47 want: ~0.1.2
449 silly placeDep ROOT json-stringify-safe@5.0.1 OK for: postman-request@2.88.1-postman.47 want: ~5.0.1
450 silly placeDep ROOT mime-types@2.1.35 OK for: postman-request@2.88.1-postman.47 want: ^2.1.35
451 silly placeDep ROOT oauth-sign@0.9.0 OK for: postman-request@2.88.1-postman.47 want: ~0.9.0
452 silly placeDep ROOT qs@6.5.3 OK for: postman-request@2.88.1-postman.47 want: ~6.5.3
453 silly placeDep ROOT safe-buffer@5.2.1 OK for: postman-request@2.88.1-postman.47 want: ^5.1.2
454 silly placeDep ROOT socks-proxy-agent@8.0.5 OK for: postman-request@2.88.1-postman.47 want: ^8.0.5
455 silly placeDep ROOT stream-length@1.0.2 OK for: postman-request@2.88.1-postman.47 want: ^1.0.2
456 silly placeDep ROOT uuid@8.3.2 OK for: postman-request@2.88.1-postman.47 want: ^8.3.2
457 silly fetch manifest asynckit@^0.4.0
458 silly packumentCache full:https://registry.npmjs.org/asynckit cache-miss
459 silly fetch manifest mime-types@^2.1.12
460 silly packumentCache full:https://registry.npmjs.org/mime-types cache-miss
461 silly fetch manifest combined-stream@^1.0.8
462 silly packumentCache full:https://registry.npmjs.org/combined-stream cache-miss
463 silly fetch manifest psl@^1.1.33
464 silly packumentCache full:https://registry.npmjs.org/psl cache-miss
465 silly fetch manifest url-parse@^1.5.3
466 silly packumentCache full:https://registry.npmjs.org/url-parse cache-miss
467 silly fetch manifest universalify@^0.2.0
468 silly packumentCache full:https://registry.npmjs.org/universalify cache-miss
469 silly fetch manifest safe-buffer@^5.0.1
470 silly packumentCache full:https://registry.npmjs.org/safe-buffer cache-miss
471 http cache https://registry.npmjs.org/combined-stream 3ms (cache hit)
472 silly packumentCache full:https://registry.npmjs.org/combined-stream set size:40337 disposed:false
473 silly fetch manifest delayed-stream@~1.0.0
474 silly packumentCache full:https://registry.npmjs.org/delayed-stream cache-miss
475 http cache https://registry.npmjs.org/mime-types 4ms (cache hit)
476 silly packumentCache full:https://registry.npmjs.org/mime-types set size:139110 disposed:false
477 silly fetch manifest sshpk@^1.18.0
478 silly packumentCache full:https://registry.npmjs.org/sshpk cache-miss
479 http cache https://registry.npmjs.org/safe-buffer 6ms (cache hit)
480 silly packumentCache full:https://registry.npmjs.org/safe-buffer set size:41183 disposed:false
481 silly fetch manifest jsprim@^2.0.2
482 silly packumentCache full:https://registry.npmjs.org/jsprim cache-miss
483 http fetch GET 200 https://registry.npmjs.org/psl 69ms (cache miss)
484 silly packumentCache full:https://registry.npmjs.org/psl set size:undefined disposed:false
485 silly fetch manifest assert-plus@^1.0.0
486 silly packumentCache full:https://registry.npmjs.org/assert-plus cache-miss
487 http fetch GET 200 https://registry.npmjs.org/universalify 74ms (cache miss)
488 silly packumentCache full:https://registry.npmjs.org/universalify set size:undefined disposed:false
489 silly fetch manifest mime-db@1.52.0
490 silly packumentCache full:https://registry.npmjs.org/mime-db cache-miss
491 http fetch GET 200 https://registry.npmjs.org/asynckit 77ms (cache miss)
492 silly packumentCache full:https://registry.npmjs.org/asynckit set size:undefined disposed:false
493 silly fetch manifest agent-base@^7.1.2
494 silly packumentCache full:https://registry.npmjs.org/agent-base cache-miss
495 http fetch GET 200 https://registry.npmjs.org/sshpk 77ms (cache miss)
496 silly packumentCache full:https://registry.npmjs.org/sshpk set size:undefined disposed:false
497 silly fetch manifest socks@^2.8.3
498 silly packumentCache full:https://registry.npmjs.org/socks cache-miss
499 http fetch GET 200 https://registry.npmjs.org/url-parse 83ms (cache miss)
500 silly packumentCache full:https://registry.npmjs.org/url-parse set size:undefined disposed:false
501 silly fetch manifest bluebird@^2.6.2
502 silly packumentCache full:https://registry.npmjs.org/bluebird cache-miss
503 http fetch GET 200 https://registry.npmjs.org/delayed-stream 86ms (cache miss)
504 silly packumentCache full:https://registry.npmjs.org/delayed-stream set size:undefined disposed:false
505 http fetch GET 200 https://registry.npmjs.org/assert-plus 114ms (cache miss)
506 silly packumentCache full:https://registry.npmjs.org/assert-plus set size:undefined disposed:false
507 http fetch GET 200 https://registry.npmjs.org/jsprim 180ms (cache miss)
508 silly packumentCache full:https://registry.npmjs.org/jsprim set size:undefined disposed:false
509 http fetch GET 200 https://registry.npmjs.org/agent-base 110ms (cache miss)
510 silly packumentCache full:https://registry.npmjs.org/agent-base set size:undefined disposed:false
511 http fetch GET 200 https://registry.npmjs.org/mime-db 112ms (cache miss)
512 silly packumentCache full:https://registry.npmjs.org/mime-db set size:undefined disposed:false
513 http fetch GET 200 https://registry.npmjs.org/bluebird 169ms (cache miss)
514 silly packumentCache full:https://registry.npmjs.org/bluebird set size:undefined disposed:false
515 http fetch GET 200 https://registry.npmjs.org/socks 184ms (cache miss)
516 silly packumentCache full:https://registry.npmjs.org/socks set size:undefined disposed:false
517 silly placeDep ROOT asynckit@0.4.0 OK for: @postman/form-data@3.1.1 want: ^0.4.0
518 silly placeDep ROOT psl@1.15.0 OK for: @postman/tough-cookie@4.1.3-postman.1 want: ^1.1.33
519 silly placeDep ROOT universalify@0.2.0 OK for: @postman/tough-cookie@4.1.3-postman.1 want: ^0.2.0
520 silly placeDep ROOT url-parse@1.5.10 OK for: @postman/tough-cookie@4.1.3-postman.1 want: ^1.5.3
521 silly fetch manifest querystringify@^2.1.1
522 silly packumentCache full:https://registry.npmjs.org/querystringify cache-miss
523 silly fetch manifest requires-port@^1.0.0
524 silly packumentCache full:https://registry.npmjs.org/requires-port cache-miss
525 http fetch GET 200 https://registry.npmjs.org/querystringify 90ms (cache miss)
526 silly packumentCache full:https://registry.npmjs.org/querystringify set size:undefined disposed:false
527 http fetch GET 200 https://registry.npmjs.org/requires-port 97ms (cache miss)
528 silly packumentCache full:https://registry.npmjs.org/requires-port set size:undefined disposed:false
529 silly placeDep ROOT delayed-stream@1.0.0 OK for: combined-stream@1.0.8 want: ~1.0.0
530 silly placeDep ROOT assert-plus@1.0.0 OK for: http-signature@1.4.0 want: ^1.0.0
531 silly placeDep ROOT jsprim@2.0.2 OK for: http-signature@1.4.0 want: ^2.0.2
532 silly placeDep ROOT sshpk@1.18.0 OK for: http-signature@1.4.0 want: ^1.18.0
533 silly fetch manifest verror@1.10.0
534 silly packumentCache full:https://registry.npmjs.org/verror cache-miss
535 silly fetch manifest extsprintf@1.3.0
536 silly packumentCache full:https://registry.npmjs.org/extsprintf cache-miss
537 silly fetch manifest json-schema@0.4.0
538 silly packumentCache full:https://registry.npmjs.org/json-schema cache-miss
539 silly fetch manifest asn1@~0.2.3
540 silly packumentCache full:https://registry.npmjs.org/asn1 cache-miss
541 silly fetch manifest jsbn@~0.1.0
542 silly packumentCache full:https://registry.npmjs.org/jsbn cache-miss
543 silly fetch manifest getpass@^0.1.1
544 silly packumentCache full:https://registry.npmjs.org/getpass cache-miss
545 silly fetch manifest dashdash@^1.12.0
546 silly packumentCache full:https://registry.npmjs.org/dashdash cache-miss
547 http fetch GET 200 https://registry.npmjs.org/jsbn 78ms (cache miss)
548 silly packumentCache full:https://registry.npmjs.org/jsbn set size:undefined disposed:false
549 silly fetch manifest ecc-jsbn@~0.1.1
550 silly packumentCache full:https://registry.npmjs.org/ecc-jsbn cache-miss
551 http fetch GET 200 https://registry.npmjs.org/extsprintf 79ms (cache miss)
552 silly packumentCache full:https://registry.npmjs.org/extsprintf set size:undefined disposed:false
553 silly fetch manifest tweetnacl@~0.14.0
554 silly packumentCache full:https://registry.npmjs.org/tweetnacl cache-miss
555 http fetch GET 200 https://registry.npmjs.org/asn1 81ms (cache miss)
556 silly packumentCache full:https://registry.npmjs.org/asn1 set size:undefined disposed:false
557 silly fetch manifest bcrypt-pbkdf@^1.0.0
558 silly packumentCache full:https://registry.npmjs.org/bcrypt-pbkdf cache-miss
559 http fetch GET 200 https://registry.npmjs.org/verror 82ms (cache miss)
560 silly packumentCache full:https://registry.npmjs.org/verror set size:undefined disposed:false
561 silly fetch manifest safer-buffer@^2.0.2
562 silly packumentCache full:https://registry.npmjs.org/safer-buffer cache-miss
563 http fetch GET 200 https://registry.npmjs.org/json-schema 86ms (cache miss)
564 silly packumentCache full:https://registry.npmjs.org/json-schema set size:undefined disposed:false
565 http fetch GET 200 https://registry.npmjs.org/getpass 88ms (cache miss)
566 silly packumentCache full:https://registry.npmjs.org/getpass set size:undefined disposed:false
567 http fetch GET 200 https://registry.npmjs.org/dashdash 100ms (cache miss)
568 silly packumentCache full:https://registry.npmjs.org/dashdash set size:undefined disposed:false
569 http fetch GET 200 https://registry.npmjs.org/bcrypt-pbkdf 69ms (cache miss)
570 silly packumentCache full:https://registry.npmjs.org/bcrypt-pbkdf set size:undefined disposed:false
571 http fetch GET 200 https://registry.npmjs.org/ecc-jsbn 81ms (cache miss)
572 silly packumentCache full:https://registry.npmjs.org/ecc-jsbn set size:undefined disposed:false
573 http fetch GET 200 https://registry.npmjs.org/tweetnacl 82ms (cache miss)
574 silly packumentCache full:https://registry.npmjs.org/tweetnacl set size:undefined disposed:false
575 http fetch GET 200 https://registry.npmjs.org/safer-buffer 80ms (cache miss)
576 silly packumentCache full:https://registry.npmjs.org/safer-buffer set size:undefined disposed:false
577 silly placeDep ROOT extsprintf@1.3.0 OK for: jsprim@2.0.2 want: 1.3.0
578 silly placeDep ROOT json-schema@0.4.0 OK for: jsprim@2.0.2 want: 0.4.0
579 silly placeDep ROOT verror@1.10.0 OK for: jsprim@2.0.2 want: 1.10.0
580 silly fetch manifest core-util-is@1.0.2
581 silly packumentCache full:https://registry.npmjs.org/core-util-is cache-miss
582 http fetch GET 200 https://registry.npmjs.org/core-util-is 72ms (cache miss)
583 silly packumentCache full:https://registry.npmjs.org/core-util-is set size:undefined disposed:false
584 silly placeDep ROOT mime-db@1.52.0 OK for: mime-types@2.1.35 want: 1.52.0
585 silly placeDep ROOT agent-base@7.1.4 OK for: socks-proxy-agent@8.0.5 want: ^7.1.2
586 silly placeDep ROOT socks@2.8.7 OK for: socks-proxy-agent@8.0.5 want: ^2.8.3
587 silly fetch manifest ip-address@^10.0.1
588 silly packumentCache full:https://registry.npmjs.org/ip-address cache-miss
589 silly fetch manifest smart-buffer@^4.2.0
590 silly packumentCache full:https://registry.npmjs.org/smart-buffer cache-miss
591 http fetch GET 200 https://registry.npmjs.org/ip-address 175ms (cache miss)
592 silly packumentCache full:https://registry.npmjs.org/ip-address set size:undefined disposed:false
593 http fetch GET 200 https://registry.npmjs.org/smart-buffer 202ms (cache miss)
594 silly packumentCache full:https://registry.npmjs.org/smart-buffer set size:undefined disposed:false
595 silly placeDep ROOT ip-address@10.1.0 OK for: socks@2.8.7 want: ^10.0.1
596 silly placeDep ROOT smart-buffer@4.2.0 OK for: socks@2.8.7 want: ^4.2.0
597 silly placeDep ROOT asn1@0.2.6 OK for: sshpk@1.18.0 want: ~0.2.3
598 silly placeDep ROOT bcrypt-pbkdf@1.0.2 OK for: sshpk@1.18.0 want: ^1.0.0
599 silly placeDep ROOT dashdash@1.14.1 OK for: sshpk@1.18.0 want: ^1.12.0
600 silly placeDep ROOT ecc-jsbn@0.1.2 OK for: sshpk@1.18.0 want: ~0.1.1
601 silly placeDep ROOT getpass@0.1.7 OK for: sshpk@1.18.0 want: ^0.1.1
602 silly placeDep ROOT jsbn@0.1.1 OK for: sshpk@1.18.0 want: ~0.1.0
603 silly placeDep ROOT safer-buffer@2.1.2 OK for: sshpk@1.18.0 want: ^2.0.2
604 silly placeDep ROOT tweetnacl@0.14.5 OK for: sshpk@1.18.0 want: ~0.14.0
605 silly fetch manifest safer-buffer@~2.1.0
606 silly packumentCache full:https://registry.npmjs.org/safer-buffer cache-miss
607 silly fetch manifest tweetnacl@^0.14.3
608 silly packumentCache full:https://registry.npmjs.org/tweetnacl cache-miss
609 silly fetch manifest safer-buffer@^2.1.0
610 silly packumentCache full:https://registry.npmjs.org/safer-buffer cache-miss
611 http cache https://registry.npmjs.org/safer-buffer 2ms (cache hit)
612 silly packumentCache full:https://registry.npmjs.org/safer-buffer set size:18521 disposed:false
613 http cache https://registry.npmjs.org/tweetnacl 3ms (cache hit)
614 silly packumentCache full:https://registry.npmjs.org/tweetnacl set size:79790 disposed:false
615 http cache https://registry.npmjs.org/safer-buffer 4ms (cache hit)
616 silly packumentCache full:https://registry.npmjs.org/safer-buffer set size:18521 disposed:false
617 silly packumentCache full:https://registry.npmjs.org/safer-buffer dispose
618 silly placeDep ROOT bluebird@2.11.0 OK for: stream-length@1.0.2 want: ^2.6.2
619 silly placeDep node_modules/stripe qs@6.14.1 OK for: stripe@20.1.2 want: ^6.14.1
620 silly placeDep ROOT querystringify@2.2.0 OK for: url-parse@1.5.10 want: ^2.1.1
621 silly placeDep ROOT requires-port@1.0.0 OK for: url-parse@1.5.10 want: ^1.0.0
622 silly placeDep ROOT @formatjs/fast-memoize@2.2.7 OK for: use-intl@4.7.0 want: ^2.2.0
623 silly placeDep ROOT @schummar/icu-type-parser@1.21.5 OK for: use-intl@4.7.0 want: 1.21.5
624 silly placeDep ROOT intl-messageformat@10.7.18 OK for: use-intl@4.7.0 want: ^10.5.14
625 silly fetch manifest @formatjs/ecma402-abstract@2.3.6
626 silly packumentCache full:https://registry.npmjs.org/@formatjs%2fecma402-abstract cache-miss
627 silly fetch manifest @formatjs/icu-messageformat-parser@2.11.4
628 silly packumentCache full:https://registry.npmjs.org/@formatjs%2ficu-messageformat-parser cache-miss
629 http fetch GET 200 https://registry.npmjs.org/@formatjs%2fecma402-abstract 97ms (cache miss)
630 silly packumentCache full:https://registry.npmjs.org/@formatjs%2fecma402-abstract set size:undefined disposed:false
631 http fetch GET 200 https://registry.npmjs.org/@formatjs%2ficu-messageformat-parser 108ms (cache miss)
632 silly packumentCache full:https://registry.npmjs.org/@formatjs%2ficu-messageformat-parser set size:undefined disposed:false
633 silly placeDep ROOT @formatjs/ecma402-abstract@2.3.6 OK for: intl-messageformat@10.7.18 want: 2.3.6
634 silly placeDep ROOT @formatjs/icu-messageformat-parser@2.11.4 OK for: intl-messageformat@10.7.18 want: 2.11.4
635 silly fetch manifest decimal.js@^10.4.3
636 silly packumentCache full:https://registry.npmjs.org/decimal.js cache-miss
637 silly fetch manifest @formatjs/intl-localematcher@0.6.2
638 silly packumentCache full:https://registry.npmjs.org/@formatjs%2fintl-localematcher cache-miss
639 silly fetch manifest @formatjs/icu-skeleton-parser@1.8.16
640 silly packumentCache full:https://registry.npmjs.org/@formatjs%2ficu-skeleton-parser cache-miss
641 http cache https://registry.npmjs.org/@formatjs%2fintl-localematcher 3ms (cache hit)
642 silly packumentCache full:https://registry.npmjs.org/@formatjs%2fintl-localematcher set size:135454 disposed:false
643 http fetch GET 200 https://registry.npmjs.org/decimal.js 86ms (cache miss)
644 silly packumentCache full:https://registry.npmjs.org/decimal.js set size:undefined disposed:false
645 http fetch GET 200 https://registry.npmjs.org/@formatjs%2ficu-skeleton-parser 93ms (cache miss)
646 silly packumentCache full:https://registry.npmjs.org/@formatjs%2ficu-skeleton-parser set size:undefined disposed:false
647 silly placeDep node_modules/@formatjs/ecma402-abstract @formatjs/intl-localematcher@0.6.2 OK for: @formatjs/ecma402-abstract@2.3.6 want: 0.6.2
648 silly placeDep ROOT decimal.js@10.6.0 OK for: @formatjs/ecma402-abstract@2.3.6 want: ^10.4.3
649 silly placeDep ROOT @formatjs/icu-skeleton-parser@1.8.16 OK for: @formatjs/icu-messageformat-parser@2.11.4 want: 1.8.16
650 silly placeDep ROOT core-util-is@1.0.2 OK for: verror@1.10.0 want: 1.0.2
651 silly placeDep ROOT @swc/core-darwin-arm64@1.15.8 OK for: @swc/core@1.15.8 want: 1.15.8
652 silly placeDep ROOT @swc/core-darwin-x64@1.15.8 OK for: @swc/core@1.15.8 want: 1.15.8
653 silly placeDep ROOT @swc/core-linux-arm-gnueabihf@1.15.8 OK for: @swc/core@1.15.8 want: 1.15.8
654 silly placeDep ROOT @swc/core-linux-arm64-gnu@1.15.8 OK for: @swc/core@1.15.8 want: 1.15.8
655 silly placeDep ROOT @swc/core-linux-arm64-musl@1.15.8 OK for: @swc/core@1.15.8 want: 1.15.8
656 silly placeDep ROOT @swc/core-linux-x64-gnu@1.15.8 OK for: @swc/core@1.15.8 want: 1.15.8
657 silly placeDep ROOT @swc/core-linux-x64-musl@1.15.8 OK for: @swc/core@1.15.8 want: 1.15.8
658 silly placeDep ROOT @swc/core-win32-arm64-msvc@1.15.8 OK for: @swc/core@1.15.8 want: 1.15.8
659 silly placeDep ROOT @swc/core-win32-ia32-msvc@1.15.8 OK for: @swc/core@1.15.8 want: 1.15.8
660 silly placeDep ROOT @swc/core-win32-x64-msvc@1.15.8 OK for: @swc/core@1.15.8 want: 1.15.8
661 silly placeDep ROOT @swc/counter@0.1.3 OK for: @swc/core@1.15.8 want: ^0.1.3
662 silly placeDep ROOT @swc/types@0.1.25 OK for: @swc/core@1.15.8 want: ^0.1.25
663 silly reify moves {}
664 silly audit bulk request {
664 silly audit   '@alloc/quick-lru': [ '5.2.0' ],
664 silly audit   '@babel/code-frame': [ '7.28.6' ],
664 silly audit   '@babel/compat-data': [ '7.28.6' ],
664 silly audit   '@babel/core': [ '7.28.6' ],
664 silly audit   '@babel/generator': [ '7.28.6' ],
664 silly audit   '@babel/helper-compilation-targets': [ '7.28.6' ],
664 silly audit   '@babel/helper-globals': [ '7.28.0' ],
664 silly audit   '@babel/helper-module-imports': [ '7.28.6' ],
664 silly audit   '@babel/helper-module-transforms': [ '7.28.6' ],
664 silly audit   '@babel/helper-string-parser': [ '7.27.1' ],
664 silly audit   '@babel/helper-validator-identifier': [ '7.28.5' ],
664 silly audit   '@babel/helper-validator-option': [ '7.27.1' ],
664 silly audit   '@babel/helpers': [ '7.28.6' ],
664 silly audit   '@babel/parser': [ '7.28.6' ],
664 silly audit   '@babel/template': [ '7.28.6' ],
664 silly audit   '@babel/traverse': [ '7.28.6' ],
664 silly audit   '@babel/types': [ '7.28.6' ],
664 silly audit   '@emnapi/core': [ '1.8.1' ],
664 silly audit   '@emnapi/runtime': [ '1.8.1' ],
664 silly audit   '@emnapi/wasi-threads': [ '1.1.0' ],
664 silly audit   '@eslint-community/eslint-utils': [ '4.9.1' ],
664 silly audit   'eslint-visitor-keys': [ '3.4.3', '4.2.1' ],
664 silly audit   '@eslint-community/regexpp': [ '4.12.2' ],
664 silly audit   '@eslint/config-array': [ '0.21.1' ],
664 silly audit   '@eslint/config-helpers': [ '0.4.2' ],
664 silly audit   '@eslint/core': [ '0.17.0' ],
664 silly audit   '@eslint/eslintrc': [ '3.3.3' ],
664 silly audit   '@eslint/js': [ '9.39.2' ],
664 silly audit   '@eslint/object-schema': [ '2.1.7' ],
664 silly audit   '@eslint/plugin-kit': [ '0.4.1' ],
664 silly audit   '@humanfs/core': [ '0.19.1' ],
664 silly audit   '@humanfs/node': [ '0.16.7' ],
664 silly audit   '@humanwhocodes/module-importer': [ '1.0.1' ],
664 silly audit   '@humanwhocodes/retry': [ '0.4.3' ],
664 silly audit   '@img/colour': [ '1.0.0' ],
664 silly audit   '@img/sharp-darwin-arm64': [ '0.34.5' ],
664 silly audit   '@img/sharp-darwin-x64': [ '0.34.5' ],
664 silly audit   '@img/sharp-libvips-darwin-arm64': [ '1.2.4' ],
664 silly audit   '@img/sharp-libvips-darwin-x64': [ '1.2.4' ],
664 silly audit   '@img/sharp-libvips-linux-arm': [ '1.2.4' ],
664 silly audit   '@img/sharp-libvips-linux-arm64': [ '1.2.4' ],
664 silly audit   '@img/sharp-libvips-linux-ppc64': [ '1.2.4' ],
664 silly audit   '@img/sharp-libvips-linux-riscv64': [ '1.2.4' ],
664 silly audit   '@img/sharp-libvips-linux-s390x': [ '1.2.4' ],
664 silly audit   '@img/sharp-libvips-linux-x64': [ '1.2.4' ],
664 silly audit   '@img/sharp-libvips-linuxmusl-arm64': [ '1.2.4' ],
664 silly audit   '@img/sharp-libvips-linuxmusl-x64': [ '1.2.4' ],
664 silly audit   '@img/sharp-linux-arm': [ '0.34.5' ],
664 silly audit   '@img/sharp-linux-arm64': [ '0.34.5' ],
664 silly audit   '@img/sharp-linux-ppc64': [ '0.34.5' ],
664 silly audit   '@img/sharp-linux-riscv64': [ '0.34.5' ],
664 silly audit   '@img/sharp-linux-s390x': [ '0.34.5' ],
664 silly audit   '@img/sharp-linux-x64': [ '0.34.5' ],
664 silly audit   '@img/sharp-linuxmusl-arm64': [ '0.34.5' ],
664 silly audit   '@img/sharp-linuxmusl-x64': [ '0.34.5' ],
664 silly audit   '@img/sharp-wasm32': [ '0.34.5' ],
664 silly audit   '@img/sharp-win32-arm64': [ '0.34.5' ],
664 silly audit   '@img/sharp-win32-ia32': [ '0.34.5' ],
664 silly audit   '@img/sharp-win32-x64': [ '0.34.5' ],
664 silly audit   '@jridgewell/gen-mapping': [ '0.3.13' ],
664 silly audit   '@jridgewell/remapping': [ '2.3.5' ],
664 silly audit   '@jridgewell/resolve-uri': [ '3.1.2' ],
664 silly audit   '@jridgewell/sourcemap-codec': [ '1.5.5' ],
664 silly audit   '@jridgewell/trace-mapping': [ '0.3.31' ],
664 silly audit   '@napi-rs/wasm-runtime': [ '0.2.12' ],
664 silly audit   '@next/env': [ '16.1.1' ],
664 silly audit   '@next/eslint-plugin-next': [ '16.1.1' ],
664 silly audit   '@next/swc-darwin-arm64': [ '16.1.1' ],
664 silly audit   '@next/swc-darwin-x64': [ '16.1.1' ],
664 silly audit   '@next/swc-linux-arm64-gnu': [ '16.1.1' ],
664 silly audit   '@next/swc-linux-arm64-musl': [ '16.1.1' ],
664 silly audit   '@next/swc-linux-x64-gnu': [ '16.1.1' ],
664 silly audit   '@next/swc-linux-x64-musl': [ '16.1.1' ],
664 silly audit   '@next/swc-win32-arm64-msvc': [ '16.1.1' ],
664 silly audit   '@next/swc-win32-x64-msvc': [ '16.1.1' ],
664 silly audit   '@nodelib/fs.scandir': [ '2.1.5' ],
664 silly audit   '@nodelib/fs.stat': [ '2.0.5' ],
664 silly audit   '@nodelib/fs.walk': [ '1.2.8' ],
664 silly audit   '@nolyfill/is-core-module': [ '1.0.39' ],
664 silly audit   '@rtsao/scc': [ '1.1.0' ],
664 silly audit   '@swc/helpers': [ '0.5.15' ],
664 silly audit   '@tailwindcss/node': [ '4.1.18' ],
664 silly audit   '@tailwindcss/oxide': [ '4.1.18' ],
664 silly audit   '@tailwindcss/oxide-android-arm64': [ '4.1.18' ],
664 silly audit   '@tailwindcss/oxide-darwin-arm64': [ '4.1.18' ],
664 silly audit   '@tailwindcss/oxide-darwin-x64': [ '4.1.18' ],
664 silly audit   '@tailwindcss/oxide-freebsd-x64': [ '4.1.18' ],
664 silly audit   '@tailwindcss/oxide-linux-arm-gnueabihf': [ '4.1.18' ],
664 silly audit   '@tailwindcss/oxide-linux-arm64-gnu': [ '4.1.18' ],
664 silly audit   '@tailwindcss/oxide-linux-arm64-musl': [ '4.1.18' ],
664 silly audit   '@tailwindcss/oxide-linux-x64-gnu': [ '4.1.18' ],
664 silly audit   '@tailwindcss/oxide-linux-x64-musl': [ '4.1.18' ],
664 silly audit   '@tailwindcss/oxide-wasm32-wasi': [ '4.1.18' ],
664 silly audit   '@tailwindcss/oxide-win32-arm64-msvc': [ '4.1.18' ],
664 silly audit   '@tailwindcss/oxide-win32-x64-msvc': [ '4.1.18' ],
664 silly audit   '@tailwindcss/postcss': [ '4.1.18' ],
664 silly audit   '@tybys/wasm-util': [ '0.10.1' ],
664 silly audit   '@types/estree': [ '1.0.8' ],
664 silly audit   '@types/json-schema': [ '7.0.15' ],
664 silly audit   '@types/json5': [ '0.0.29' ],
664 silly audit   '@types/node': [ '20.19.29' ],
664 silly audit   '@types/react': [ '19.2.8' ],
664 silly audit   '@types/react-dom': [ '19.2.3' ],
664 silly audit   '@typescript-eslint/eslint-plugin': [ '8.53.0' ],
664 silly audit   ignore: [ '7.0.5', '5.3.2' ],
664 silly audit   '@typescript-eslint/parser': [ '8.53.0' ],
664 silly audit   '@typescript-eslint/project-service': [ '8.53.0' ],
664 silly audit   '@typescript-eslint/scope-manager': [ '8.53.0' ],
664 silly audit   '@typescript-eslint/tsconfig-utils': [ '8.53.0' ],
664 silly audit   '@typescript-eslint/type-utils': [ '8.53.0' ],
664 silly audit   '@typescript-eslint/types': [ '8.53.0' ],
664 silly audit   '@typescript-eslint/typescript-estree': [ '8.53.0' ],
664 silly audit   'brace-expansion': [ '2.0.2', '1.1.12' ],
664 silly audit   minimatch: [ '9.0.5', '3.1.2' ],
664 silly audit   semver: [ '7.7.3', '6.3.1' ],
664 silly audit   '@typescript-eslint/utils': [ '8.53.0' ],
664 silly audit   '@typescript-eslint/visitor-keys': [ '8.53.0' ],
664 silly audit   '@unrs/resolver-binding-android-arm-eabi': [ '1.11.1' ],
664 silly audit   '@unrs/resolver-binding-android-arm64': [ '1.11.1' ],
664 silly audit   '@unrs/resolver-binding-darwin-arm64': [ '1.11.1' ],
664 silly audit   '@unrs/resolver-binding-darwin-x64': [ '1.11.1' ],
664 silly audit   '@unrs/resolver-binding-freebsd-x64': [ '1.11.1' ],
664 silly audit   '@unrs/resolver-binding-linux-arm-gnueabihf': [ '1.11.1' ],
664 silly audit   '@unrs/resolver-binding-linux-arm-musleabihf': [ '1.11.1' ],
664 silly audit   '@unrs/resolver-binding-linux-arm64-gnu': [ '1.11.1' ],
664 silly audit   '@unrs/resolver-binding-linux-arm64-musl': [ '1.11.1' ],
664 silly audit   '@unrs/resolver-binding-linux-ppc64-gnu': [ '1.11.1' ],
664 silly audit   '@unrs/resolver-binding-linux-riscv64-gnu': [ '1.11.1' ],
664 silly audit   '@unrs/resolver-binding-linux-riscv64-musl': [ '1.11.1' ],
664 silly audit   '@unrs/resolver-binding-linux-s390x-gnu': [ '1.11.1' ],
664 silly audit   '@unrs/resolver-binding-linux-x64-gnu': [ '1.11.1' ],
664 silly audit   '@unrs/resolver-binding-linux-x64-musl': [ '1.11.1' ],
664 silly audit   '@unrs/resolver-binding-wasm32-wasi': [ '1.11.1' ],
664 silly audit   '@unrs/resolver-binding-win32-arm64-msvc': [ '1.11.1' ],
664 silly audit   '@unrs/resolver-binding-win32-ia32-msvc': [ '1.11.1' ],
664 silly audit   '@unrs/resolver-binding-win32-x64-msvc': [ '1.11.1' ],
664 silly audit   acorn: [ '8.15.0' ],
664 silly audit   'acorn-jsx': [ '5.3.2' ],
664 silly audit   ajv: [ '6.12.6' ],
664 silly audit   'ansi-styles': [ '4.3.0' ],
664 silly audit   argparse: [ '2.0.1' ],
664 silly audit   'aria-query': [ '5.3.2' ],
664 silly audit   'array-buffer-byte-length': [ '1.0.2' ],
664 silly audit   'array-includes': [ '3.1.9' ],
664 silly audit   'array.prototype.findlast': [ '1.2.5' ],
664 silly audit   'array.prototype.findlastindex': [ '1.2.6' ],
664 silly audit   'array.prototype.flat': [ '1.3.3' ],
664 silly audit   'array.prototype.flatmap': [ '1.3.3' ],
664 silly audit   'array.prototype.tosorted': [ '1.1.4' ],
664 silly audit   'arraybuffer.prototype.slice': [ '1.0.4' ],
664 silly audit   'ast-types-flow': [ '0.0.8' ],
664 silly audit   'async-function': [ '1.0.0' ],
664 silly audit   'available-typed-arrays': [ '1.0.7' ],
664 silly audit   'axe-core': [ '4.11.1' ],
664 silly audit   'axobject-query': [ '4.1.0' ],
664 silly audit   'balanced-match': [ '1.0.2' ],
664 silly audit   'baseline-browser-mapping': [ '2.9.14' ],
664 silly audit   braces: [ '3.0.3' ],
664 silly audit   browserslist: [ '4.28.1' ],
664 silly audit   'call-bind': [ '1.0.8' ],
664 silly audit   'call-bind-apply-helpers': [ '1.0.2' ],
664 silly audit   'call-bound': [ '1.0.4' ],
664 silly audit   callsites: [ '3.1.0' ],
664 silly audit   'caniuse-lite': [ '1.0.30001764' ],
664 silly audit   chalk: [ '4.1.2' ],
664 silly audit   'client-only': [ '0.0.1' ],
664 silly audit   'color-convert': [ '2.0.1' ],
664 silly audit   'color-name': [ '1.1.4' ],
664 silly audit   'concat-map': [ '0.0.1' ],
664 silly audit   'convert-source-map': [ '2.0.0' ],
664 silly audit   'cross-spawn': [ '7.0.6' ],
664 silly audit   csstype: [ '3.2.3' ],
664 silly audit   'damerau-levenshtein': [ '1.0.8' ],
664 silly audit   'data-view-buffer': [ '1.0.2' ],
664 silly audit   'data-view-byte-length': [ '1.0.2' ],
664 silly audit   'data-view-byte-offset': [ '1.0.1' ],
664 silly audit   debug: [ '4.4.3', '3.2.7' ],
664 silly audit   'deep-is': [ '0.1.4' ],
664 silly audit   'define-data-property': [ '1.1.4' ],
664 silly audit   'define-properties': [ '1.2.1' ],
664 silly audit   'detect-libc': [ '2.1.2' ],
664 silly audit   doctrine: [ '2.1.0' ],
664 silly audit   'dunder-proto': [ '1.0.1' ],
664 silly audit   'electron-to-chromium': [ '1.5.267' ],
664 silly audit   'emoji-regex': [ '9.2.2' ],
664 silly audit   'enhanced-resolve': [ '5.18.4' ],
664 silly audit   'es-abstract': [ '1.24.1' ],
664 silly audit   'es-define-property': [ '1.0.1' ],
664 silly audit   'es-errors': [ '1.3.0' ],
664 silly audit   'es-iterator-helpers': [ '1.2.2' ],
664 silly audit   'es-object-atoms': [ '1.1.1' ],
664 silly audit   'es-set-tostringtag': [ '2.1.0' ],
664 silly audit   'es-shim-unscopables': [ '1.1.0' ],
664 silly audit   'es-to-primitive': [ '1.3.0' ],
664 silly audit   escalade: [ '3.2.0' ],
664 silly audit   'escape-string-regexp': [ '4.0.0' ],
664 silly audit   eslint: [ '9.39.2' ],
664 silly audit   'eslint-config-next': [ '16.1.1' ],
664 silly audit   globals: [ '16.4.0', '14.0.0' ],
664 silly audit   'eslint-import-resolver-node': [ '0.3.9' ],
664 silly audit   'eslint-import-resolver-typescript': [ '3.10.1' ],
664 silly audit   'eslint-module-utils': [ '2.12.1' ],
664 silly audit   'eslint-plugin-import': [ '2.32.0' ],
664 silly audit   'eslint-plugin-jsx-a11y': [ '6.10.2' ],
664 silly audit   'eslint-plugin-react': [ '7.37.5' ],
664 silly audit   'eslint-plugin-react-hooks': [ '7.0.1' ],
664 silly audit   resolve: [ '2.0.0-next.5', '1.22.11' ],
664 silly audit   'eslint-scope': [ '8.4.0' ],
664 silly audit   espree: [ '10.4.0' ],
664 silly audit   esquery: [ '1.7.0' ],
664 silly audit   esrecurse: [ '4.3.0' ],
664 silly audit   estraverse: [ '5.3.0' ],
664 silly audit   esutils: [ '2.0.3' ],
664 silly audit   'fast-deep-equal': [ '3.1.3' ],
664 silly audit   'fast-glob': [ '3.3.1' ],
664 silly audit   'glob-parent': [ '5.1.2', '6.0.2' ],
664 silly audit   'fast-json-stable-stringify': [ '2.1.0' ],
664 silly audit   'fast-levenshtein': [ '2.0.6' ],
664 silly audit   fastq: [ '1.20.1' ],
664 silly audit   'file-entry-cache': [ '8.0.0' ],
664 silly audit   'fill-range': [ '7.1.1' ],
664 silly audit   'find-up': [ '5.0.0' ],
664 silly audit   'flat-cache': [ '4.0.1' ],
664 silly audit   flatted: [ '3.3.3' ],
664 silly audit   'for-each': [ '0.3.5' ],
664 silly audit   'function-bind': [ '1.1.2' ],
664 silly audit   'function.prototype.name': [ '1.1.8' ],
664 silly audit   'functions-have-names': [ '1.2.3' ],
664 silly audit   'generator-function': [ '2.0.1' ],
664 silly audit   gensync: [ '1.0.0-beta.2' ],
664 silly audit   'get-intrinsic': [ '1.3.0' ],
664 silly audit   'get-proto': [ '1.0.1' ],
664 silly audit   'get-symbol-description': [ '1.1.0' ],
664 silly audit   'get-tsconfig': [ '4.13.0' ],
664 silly audit   globalthis: [ '1.0.4' ],
664 silly audit   gopd: [ '1.2.0' ],
664 silly audit   'graceful-fs': [ '4.2.11' ],
664 silly audit   'has-bigints': [ '1.1.0' ],
664 silly audit   'has-flag': [ '4.0.0' ],
664 silly audit   'has-property-descriptors': [ '1.0.2' ],
664 silly audit   'has-proto': [ '1.2.0' ],
664 silly audit   'has-symbols': [ '1.1.0' ],
664 silly audit   'has-tostringtag': [ '1.0.2' ],
664 silly audit   hasown: [ '2.0.2' ],
664 silly audit   'hermes-estree': [ '0.25.1' ],
664 silly audit   'hermes-parser': [ '0.25.1' ],
664 silly audit   'import-fresh': [ '3.3.1' ],
664 silly audit   imurmurhash: [ '0.1.4' ],
664 silly audit   'internal-slot': [ '1.1.0' ],
664 silly audit   'is-array-buffer': [ '3.0.5' ],
664 silly audit   'is-async-function': [ '2.1.1' ],
664 silly audit   'is-bigint': [ '1.1.0' ],
664 silly audit   'is-boolean-object': [ '1.2.2' ],
664 silly audit   'is-bun-module': [ '2.0.0' ],
664 silly audit   'is-callable': [ '1.2.7' ],
664 silly audit   'is-core-module': [ '2.16.1' ],
664 silly audit   'is-data-view': [ '1.0.2' ],
664 silly audit   'is-date-object': [ '1.1.0' ],
664 silly audit   'is-extglob': [ '2.1.1' ],
664 silly audit   'is-finalizationregistry': [ '1.1.1' ],
664 silly audit   'is-generator-function': [ '1.1.2' ],
664 silly audit   'is-glob': [ '4.0.3' ],
664 silly audit   'is-map': [ '2.0.3' ],
664 silly audit   'is-negative-zero': [ '2.0.3' ],
664 silly audit   'is-number': [ '7.0.0' ],
664 silly audit   'is-number-object': [ '1.1.1' ],
664 silly audit   'is-regex': [ '1.2.1' ],
664 silly audit   'is-set': [ '2.0.3' ],
664 silly audit   'is-shared-array-buffer': [ '1.0.4' ],
664 silly audit   'is-string': [ '1.1.1' ],
664 silly audit   'is-symbol': [ '1.1.1' ],
664 silly audit   'is-typed-array': [ '1.1.15' ],
664 silly audit   'is-weakmap': [ '2.0.2' ],
664 silly audit   'is-weakref': [ '1.1.1' ],
664 silly audit   'is-weakset': [ '2.0.4' ],
664 silly audit   isarray: [ '2.0.5' ],
664 silly audit   isexe: [ '2.0.0' ],
664 silly audit   'iterator.prototype': [ '1.1.5' ],
664 silly audit   jiti: [ '2.6.1' ],
664 silly audit   'js-tokens': [ '4.0.0' ],
664 silly audit   'js-yaml': [ '4.1.1' ],
664 silly audit   jsesc: [ '3.1.0' ],
664 silly audit   'json-buffer': [ '3.0.1' ],
664 silly audit   'json-schema-traverse': [ '0.4.1' ],
664 silly audit   'json-stable-stringify-without-jsonify': [ '1.0.1' ],
664 silly audit   json5: [ '2.2.3', '1.0.2' ],
664 silly audit   'jsx-ast-utils': [ '3.3.5' ],
664 silly audit   keyv: [ '4.5.4' ],
664 silly audit   'language-subtag-registry': [ '0.3.23' ],
664 silly audit   'language-tags': [ '1.0.9' ],
664 silly audit   levn: [ '0.4.1' ],
664 silly audit   lightningcss: [ '1.30.2' ],
664 silly audit   'lightningcss-android-arm64': [ '1.30.2' ],
664 silly audit   'lightningcss-darwin-arm64': [ '1.30.2' ],
664 silly audit   'lightningcss-darwin-x64': [ '1.30.2' ],
664 silly audit   'lightningcss-freebsd-x64': [ '1.30.2' ],
664 silly audit   'lightningcss-linux-arm-gnueabihf': [ '1.30.2' ],
664 silly audit   'lightningcss-linux-arm64-gnu': [ '1.30.2' ],
664 silly audit   'lightningcss-linux-arm64-musl': [ '1.30.2' ],
664 silly audit   'lightningcss-linux-x64-gnu': [ '1.30.2' ],
664 silly audit   'lightningcss-linux-x64-musl': [ '1.30.2' ],
664 silly audit   'lightningcss-win32-arm64-msvc': [ '1.30.2' ],
664 silly audit   'lightningcss-win32-x64-msvc': [ '1.30.2' ],
664 silly audit   'locate-path': [ '6.0.0' ],
664 silly audit   'lodash.merge': [ '4.6.2' ],
664 silly audit   'loose-envify': [ '1.4.0' ],
664 silly audit   'lru-cache': [ '5.1.1' ],
664 silly audit   'magic-string': [ '0.30.21' ],
664 silly audit   'math-intrinsics': [ '1.1.0' ],
664 silly audit   merge2: [ '1.4.1' ],
664 silly audit   micromatch: [ '4.0.8' ],
664 silly audit   minimist: [ '1.2.8' ],
664 silly audit   ms: [ '2.1.3' ],
664 silly audit   nanoid: [ '3.3.11' ],
664 silly audit   'napi-postinstall': [ '0.3.4' ],
664 silly audit   'natural-compare': [ '1.4.0' ],
664 silly audit   next: [ '16.1.1' ],
664 silly audit   postcss: [ '8.4.31', '8.5.6' ],
664 silly audit   'node-releases': [ '2.0.27' ],
664 silly audit   'object-assign': [ '4.1.1' ],
664 silly audit   'object-inspect': [ '1.13.4' ],
664 silly audit   'object-keys': [ '1.1.1' ],
664 silly audit   'object.assign': [ '4.1.7' ],
664 silly audit   'object.entries': [ '1.1.9' ],
664 silly audit   'object.fromentries': [ '2.0.8' ],
664 silly audit   'object.groupby': [ '1.0.3' ],
664 silly audit   'object.values': [ '1.2.1' ],
664 silly audit   optionator: [ '0.9.4' ],
664 silly audit   'own-keys': [ '1.0.1' ],
664 silly audit   'p-limit': [ '3.1.0' ],
664 silly audit   'p-locate': [ '5.0.0' ],
664 silly audit   'parent-module': [ '1.0.1' ],
664 silly audit   'path-exists': [ '4.0.0' ],
664 silly audit   'path-key': [ '3.1.1' ],
664 silly audit   'path-parse': [ '1.0.7' ],
664 silly audit   picocolors: [ '1.1.1' ],
664 silly audit   picomatch: [ '2.3.1', '4.0.3' ],
664 silly audit   'possible-typed-array-names': [ '1.1.0' ],
664 silly audit   'prelude-ls': [ '1.2.1' ],
664 silly audit   'prop-types': [ '15.8.1' ],
664 silly audit   punycode: [ '2.3.1' ],
664 silly audit   'queue-microtask': [ '1.2.3' ],
664 silly audit   react: [ '19.2.3' ],
664 silly audit   'react-dom': [ '19.2.3' ],
664 silly audit   'react-is': [ '16.13.1' ],
664 silly audit   'reflect.getprototypeof': [ '1.0.10' ],
664 silly audit   'regexp.prototype.flags': [ '1.5.4' ],
664 silly audit   'resolve-from': [ '4.0.0' ],
664 silly audit   'resolve-pkg-maps': [ '1.0.0' ],
664 silly audit   reusify: [ '1.1.0' ],
664 silly audit   'run-parallel': [ '1.2.0' ],
664 silly audit   'safe-array-concat': [ '1.1.3' ],
664 silly audit   'safe-push-apply': [ '1.0.0' ],
664 silly audit   'safe-regex-test': [ '1.1.0' ],
664 silly audit   scheduler: [ '0.27.0' ],
664 silly audit   'set-function-length': [ '1.2.2' ],
664 silly audit   'set-function-name': [ '2.0.2' ],
664 silly audit   'set-proto': [ '1.0.0' ],
664 silly audit   'shebang-command': [ '2.0.0' ],
664 silly audit   'shebang-regex': [ '3.0.0' ],
664 silly audit   'side-channel': [ '1.1.0' ],
664 silly audit   'side-channel-list': [ '1.0.0' ],
664 silly audit   'side-channel-map': [ '1.0.1' ],
664 silly audit   'side-channel-weakmap': [ '1.0.2' ],
664 silly audit   'source-map-js': [ '1.2.1' ],
664 silly audit   'stable-hash': [ '0.0.5' ],
664 silly audit   'stop-iteration-iterator': [ '1.1.0' ],
664 silly audit   'string.prototype.includes': [ '2.0.1' ],
664 silly audit   'string.prototype.matchall': [ '4.0.12' ],
664 silly audit   'string.prototype.repeat': [ '1.0.0' ],
664 silly audit   'string.prototype.trim': [ '1.2.10' ],
664 silly audit   'string.prototype.trimend': [ '1.0.9' ],
664 silly audit   'string.prototype.trimstart': [ '1.0.8' ],
664 silly audit   'strip-bom': [ '3.0.0' ],
664 silly audit   'strip-json-comments': [ '3.1.1' ],
664 silly audit   'styled-jsx': [ '5.1.6' ],
664 silly audit   'supports-color': [ '7.2.0' ],
664 silly audit   'supports-preserve-symlinks-flag': [ '1.0.0' ],
664 silly audit   tailwindcss: [ '4.1.18' ],
664 silly audit   tapable: [ '2.3.0' ],
664 silly audit   tinyglobby: [ '0.2.15' ],
664 silly audit   fdir: [ '6.5.0' ],
664 silly audit   'to-regex-range': [ '5.0.1' ],
664 silly audit   'ts-api-utils': [ '2.4.0' ],
664 silly audit   'tsconfig-paths': [ '3.15.0' ],
664 silly audit   tslib: [ '2.8.1' ],
664 silly audit   'type-check': [ '0.4.0' ],
664 silly audit   'typed-array-buffer': [ '1.0.3' ],
664 silly audit   'typed-array-byte-length': [ '1.0.3' ],
664 silly audit   'typed-array-byte-offset': [ '1.0.4' ],
664 silly audit   'typed-array-length': [ '1.0.7' ],
664 silly audit   typescript: [ '5.9.3' ],
664 silly audit   'typescript-eslint': [ '8.53.0' ],
664 silly audit   'unbox-primitive': [ '1.1.0' ],
664 silly audit   'undici-types': [ '6.21.0' ],
664 silly audit   'unrs-resolver': [ '1.11.1' ],
664 silly audit   'update-browserslist-db': [ '1.2.3' ],
664 silly audit   'uri-js': [ '4.4.1' ],
664 silly audit   which: [ '2.0.2' ],
664 silly audit   'which-boxed-primitive': [ '1.1.1' ],
664 silly audit   'which-builtin-type': [ '1.2.1' ],
664 silly audit   'which-collection': [ '1.0.2' ],
664 silly audit   'which-typed-array': [ '1.1.19' ],
664 silly audit   'word-wrap': [ '1.2.5' ],
664 silly audit   yallist: [ '3.1.1' ],
664 silly audit   'yocto-queue': [ '0.1.0' ],
664 silly audit   'zod-validation-error': [ '4.0.2' ],
664 silly audit   '@supabase/ssr': [ '0.8.0' ],
664 silly audit   '@supabase/supabase-js': [ '2.90.1' ],
664 silly audit   iyzipay: [ '2.0.64' ],
664 silly audit   'lucide-react': [ '0.562.0' ],
664 silly audit   'next-intl': [ '4.7.0' ],
664 silly audit   sharp: [ '0.34.5' ],
664 silly audit   stripe: [ '20.1.2' ],
664 silly audit   zod: [ '4.3.5' ],
664 silly audit   cookie: [ '1.1.1' ],
664 silly audit   '@supabase/auth-js': [ '2.90.1' ],
664 silly audit   '@supabase/functions-js': [ '2.90.1' ],
664 silly audit   '@supabase/postgrest-js': [ '2.90.1' ],
664 silly audit   '@supabase/realtime-js': [ '2.90.1' ],
664 silly audit   '@supabase/storage-js': [ '2.90.1' ],
664 silly audit   '@types/phoenix': [ '1.6.7' ],
664 silly audit   '@types/ws': [ '8.18.1' ],
664 silly audit   ws: [ '8.19.0' ],
664 silly audit   'iceberg-js': [ '0.8.1' ],
664 silly audit   'postman-request': [ '2.88.1-postman.47' ],
664 silly audit   '@formatjs/intl-localematcher': [ '0.5.10', '0.6.2' ],
664 silly audit   '@parcel/watcher': [ '2.5.4' ],
664 silly audit   '@swc/core': [ '1.15.8' ],
664 silly audit   negotiator: [ '1.0.0' ],
664 silly audit   'next-intl-swc-plugin-extractor': [ '4.7.0' ],
664 silly audit   'po-parser': [ '2.1.1' ],
664 silly audit   'use-intl': [ '4.7.0' ],
664 silly audit   '@parcel/watcher-android-arm64': [ '2.5.4' ],
664 silly audit   '@parcel/watcher-darwin-arm64': [ '2.5.4' ],
664 silly audit   '@parcel/watcher-darwin-x64': [ '2.5.4' ],
664 silly audit   '@parcel/watcher-freebsd-x64': [ '2.5.4' ],
664 silly audit   '@parcel/watcher-linux-arm-glibc': [ '2.5.4' ],
664 silly audit   '@parcel/watcher-linux-arm-musl': [ '2.5.4' ],
664 silly audit   '@parcel/watcher-linux-arm64-glibc': [ '2.5.4' ],
664 silly audit   '@parcel/watcher-linux-arm64-musl': [ '2.5.4' ],
664 silly audit   '@parcel/watcher-linux-x64-glibc': [ '2.5.4' ],
664 silly audit   '@parcel/watcher-linux-x64-musl': [ '2.5.4' ],
664 silly audit   '@parcel/watcher-win32-arm64': [ '2.5.4' ],
664 silly audit   '@parcel/watcher-win32-ia32': [ '2.5.4' ],
664 silly audit   '@parcel/watcher-win32-x64': [ '2.5.4' ],
664 silly audit   'node-addon-api': [ '7.1.1' ],
664 silly audit   '@postman/form-data': [ '3.1.1' ],
664 silly audit   '@postman/tough-cookie': [ '4.1.3-postman.1' ],
664 silly audit   '@postman/tunnel-agent': [ '0.6.8' ],
664 silly audit   'aws-sign2': [ '0.7.0' ],
664 silly audit   aws4: [ '1.13.2' ],
664 silly audit   caseless: [ '0.12.0' ],
664 silly audit   'combined-stream': [ '1.0.8' ],
664 silly audit   extend: [ '3.0.2' ],
664 silly audit   'forever-agent': [ '0.6.1' ],
664 silly audit   'http-signature': [ '1.4.0' ],
664 silly audit   'is-typedarray': [ '1.0.0' ],
664 silly audit   isstream: [ '0.1.2' ],
664 silly audit   'json-stringify-safe': [ '5.0.1' ],
664 silly audit   'mime-types': [ '2.1.35' ],
664 silly audit   'oauth-sign': [ '0.9.0' ],
664 silly audit   qs: [ '6.5.3', '6.14.1' ],
664 silly audit   'safe-buffer': [ '5.2.1' ],
664 silly audit   'socks-proxy-agent': [ '8.0.5' ],
664 silly audit   'stream-length': [ '1.0.2' ],
664 silly audit   uuid: [ '8.3.2' ],
664 silly audit   asynckit: [ '0.4.0' ],
664 silly audit   psl: [ '1.15.0' ],
664 silly audit   universalify: [ '0.2.0' ],
664 silly audit   'url-parse': [ '1.5.10' ],
664 silly audit   'delayed-stream': [ '1.0.0' ],
664 silly audit   'assert-plus': [ '1.0.0' ],
664 silly audit   jsprim: [ '2.0.2' ],
664 silly audit   sshpk: [ '1.18.0' ],
664 silly audit   extsprintf: [ '1.3.0' ],
664 silly audit   'json-schema': [ '0.4.0' ],
664 silly audit   verror: [ '1.10.0' ],
664 silly audit   'mime-db': [ '1.52.0' ],
664 silly audit   'agent-base': [ '7.1.4' ],
664 silly audit   socks: [ '2.8.7' ],
664 silly audit   'ip-address': [ '10.1.0' ],
664 silly audit   'smart-buffer': [ '4.2.0' ],
664 silly audit   asn1: [ '0.2.6' ],
664 silly audit   'bcrypt-pbkdf': [ '1.0.2' ],
664 silly audit   dashdash: [ '1.14.1' ],
664 silly audit   'ecc-jsbn': [ '0.1.2' ],
664 silly audit   getpass: [ '0.1.7' ],
664 silly audit   jsbn: [ '0.1.1' ],
664 silly audit   'safer-buffer': [ '2.1.2' ],
664 silly audit   tweetnacl: [ '0.14.5' ],
664 silly audit   bluebird: [ '2.11.0' ],
664 silly audit   querystringify: [ '2.2.0' ],
664 silly audit   'requires-port': [ '1.0.0' ],
664 silly audit   '@formatjs/fast-memoize': [ '2.2.7' ],
664 silly audit   '@schummar/icu-type-parser': [ '1.21.5' ],
664 silly audit   'intl-messageformat': [ '10.7.18' ],
664 silly audit   '@formatjs/ecma402-abstract': [ '2.3.6' ],
664 silly audit   '@formatjs/icu-messageformat-parser': [ '2.11.4' ],
664 silly audit   'decimal.js': [ '10.6.0' ],
664 silly audit   '@formatjs/icu-skeleton-parser': [ '1.8.16' ],
664 silly audit   'core-util-is': [ '1.0.2' ],
664 silly audit   '@swc/core-darwin-arm64': [ '1.15.8' ],
664 silly audit   '@swc/core-darwin-x64': [ '1.15.8' ],
664 silly audit   '@swc/core-linux-arm-gnueabihf': [ '1.15.8' ],
664 silly audit   '@swc/core-linux-arm64-gnu': [ '1.15.8' ],
664 silly audit   '@swc/core-linux-arm64-musl': [ '1.15.8' ],
664 silly audit   '@swc/core-linux-x64-gnu': [ '1.15.8' ],
664 silly audit   '@swc/core-linux-x64-musl': [ '1.15.8' ],
664 silly audit   '@swc/core-win32-arm64-msvc': [ '1.15.8' ],
664 silly audit   '@swc/core-win32-ia32-msvc': [ '1.15.8' ],
664 silly audit   '@swc/core-win32-x64-msvc': [ '1.15.8' ],
664 silly audit   '@swc/counter': [ '0.1.3' ],
664 silly audit   '@swc/types': [ '0.1.25' ]
664 silly audit }
665 http cache @swc/types@https://registry.npmjs.org/@swc/types/-/types-0.1.25.tgz 0ms (cache hit)
666 http cache @swc/core-darwin-arm64@https://registry.npmjs.org/@swc/core-darwin-arm64/-/core-darwin-arm64-1.15.8.tgz 0ms (cache hit)
667 http cache @swc/counter@https://registry.npmjs.org/@swc/counter/-/counter-0.1.3.tgz 0ms (cache hit)
668 http cache core-util-is@https://registry.npmjs.org/core-util-is/-/core-util-is-1.0.2.tgz 0ms (cache hit)
669 http cache decimal.js@https://registry.npmjs.org/decimal.js/-/decimal.js-10.6.0.tgz 0ms (cache hit)
670 http cache @formatjs/icu-skeleton-parser@https://registry.npmjs.org/@formatjs/icu-skeleton-parser/-/icu-skeleton-parser-1.8.16.tgz 0ms (cache hit)
671 http cache @formatjs/icu-messageformat-parser@https://registry.npmjs.org/@formatjs/icu-messageformat-parser/-/icu-messageformat-parser-2.11.4.tgz 0ms (cache hit)
672 http cache @formatjs/ecma402-abstract@https://registry.npmjs.org/@formatjs/ecma402-abstract/-/ecma402-abstract-2.3.6.tgz 0ms (cache hit)
673 http cache intl-messageformat@https://registry.npmjs.org/intl-messageformat/-/intl-messageformat-10.7.18.tgz 0ms (cache hit)
674 http cache @schummar/icu-type-parser@https://registry.npmjs.org/@schummar/icu-type-parser/-/icu-type-parser-1.21.5.tgz 0ms (cache hit)
675 http cache @formatjs/fast-memoize@https://registry.npmjs.org/@formatjs/fast-memoize/-/fast-memoize-2.2.7.tgz 0ms (cache hit)
676 http cache querystringify@https://registry.npmjs.org/querystringify/-/querystringify-2.2.0.tgz 0ms (cache hit)
677 http cache tweetnacl@https://registry.npmjs.org/tweetnacl/-/tweetnacl-0.14.5.tgz 0ms (cache hit)
678 http cache bluebird@https://registry.npmjs.org/bluebird/-/bluebird-2.11.0.tgz 0ms (cache hit)
679 http cache safer-buffer@https://registry.npmjs.org/safer-buffer/-/safer-buffer-2.1.2.tgz 0ms (cache hit)
680 http cache getpass@https://registry.npmjs.org/getpass/-/getpass-0.1.7.tgz 0ms (cache hit)
681 http cache ecc-jsbn@https://registry.npmjs.org/ecc-jsbn/-/ecc-jsbn-0.1.2.tgz 0ms (cache hit)
682 http cache jsbn@https://registry.npmjs.org/jsbn/-/jsbn-0.1.1.tgz 0ms (cache hit)
683 http cache dashdash@https://registry.npmjs.org/dashdash/-/dashdash-1.14.1.tgz 0ms (cache hit)
684 http cache asn1@https://registry.npmjs.org/asn1/-/asn1-0.2.6.tgz 0ms (cache hit)
685 http cache bcrypt-pbkdf@https://registry.npmjs.org/bcrypt-pbkdf/-/bcrypt-pbkdf-1.0.2.tgz 0ms (cache hit)
686 http cache smart-buffer@https://registry.npmjs.org/smart-buffer/-/smart-buffer-4.2.0.tgz 0ms (cache hit)
687 http cache agent-base@https://registry.npmjs.org/agent-base/-/agent-base-7.1.4.tgz 0ms (cache hit)
688 http cache ip-address@https://registry.npmjs.org/ip-address/-/ip-address-10.1.0.tgz 0ms (cache hit)
689 http cache mime-db@https://registry.npmjs.org/mime-db/-/mime-db-1.52.0.tgz 0ms (cache hit)
690 http cache verror@https://registry.npmjs.org/verror/-/verror-1.10.0.tgz 0ms (cache hit)
691 http cache extsprintf@https://registry.npmjs.org/extsprintf/-/extsprintf-1.3.0.tgz 0ms (cache hit)
692 http cache socks@https://registry.npmjs.org/socks/-/socks-2.8.7.tgz 0ms (cache hit)
693 http cache json-schema@https://registry.npmjs.org/json-schema/-/json-schema-0.4.0.tgz 0ms (cache hit)
694 http cache jsprim@https://registry.npmjs.org/jsprim/-/jsprim-2.0.2.tgz 0ms (cache hit)
695 http cache sshpk@https://registry.npmjs.org/sshpk/-/sshpk-1.18.0.tgz 0ms (cache hit)
696 http cache assert-plus@https://registry.npmjs.org/assert-plus/-/assert-plus-1.0.0.tgz 0ms (cache hit)
697 http cache psl@https://registry.npmjs.org/psl/-/psl-1.15.0.tgz 0ms (cache hit)
698 http cache delayed-stream@https://registry.npmjs.org/delayed-stream/-/delayed-stream-1.0.0.tgz 0ms (cache hit)
699 http cache universalify@https://registry.npmjs.org/universalify/-/universalify-0.2.0.tgz 0ms (cache hit)
700 http cache uuid@https://registry.npmjs.org/uuid/-/uuid-8.3.2.tgz 0ms (cache hit)
701 http cache url-parse@https://registry.npmjs.org/url-parse/-/url-parse-1.5.10.tgz 0ms (cache hit)
702 http cache stream-length@https://registry.npmjs.org/stream-length/-/stream-length-1.0.2.tgz 0ms (cache hit)
703 http cache safe-buffer@https://registry.npmjs.org/safe-buffer/-/safe-buffer-5.2.1.tgz 0ms (cache hit)
704 http cache asynckit@https://registry.npmjs.org/asynckit/-/asynckit-0.4.0.tgz 0ms (cache hit)
705 http cache socks-proxy-agent@https://registry.npmjs.org/socks-proxy-agent/-/socks-proxy-agent-8.0.5.tgz 0ms (cache hit)
706 http cache json-stringify-safe@https://registry.npmjs.org/json-stringify-safe/-/json-stringify-safe-5.0.1.tgz 0ms (cache hit)
707 http cache mime-types@https://registry.npmjs.org/mime-types/-/mime-types-2.1.35.tgz 0ms (cache hit)
708 http cache oauth-sign@https://registry.npmjs.org/oauth-sign/-/oauth-sign-0.9.0.tgz 0ms (cache hit)
709 http cache isstream@https://registry.npmjs.org/isstream/-/isstream-0.1.2.tgz 0ms (cache hit)
710 http cache forever-agent@https://registry.npmjs.org/forever-agent/-/forever-agent-0.6.1.tgz 0ms (cache hit)
711 http cache extend@https://registry.npmjs.org/extend/-/extend-3.0.2.tgz 0ms (cache hit)
712 http cache is-typedarray@https://registry.npmjs.org/is-typedarray/-/is-typedarray-1.0.0.tgz 0ms (cache hit)
713 http cache combined-stream@https://registry.npmjs.org/combined-stream/-/combined-stream-1.0.8.tgz 0ms (cache hit)
714 http cache caseless@https://registry.npmjs.org/caseless/-/caseless-0.12.0.tgz 0ms (cache hit)
715 http cache http-signature@https://registry.npmjs.org/http-signature/-/http-signature-1.4.0.tgz 0ms (cache hit)
716 http cache aws-sign2@https://registry.npmjs.org/aws-sign2/-/aws-sign2-0.7.0.tgz 0ms (cache hit)
717 http cache @postman/form-data@https://registry.npmjs.org/@postman/form-data/-/form-data-3.1.1.tgz 0ms (cache hit)
718 http cache aws4@https://registry.npmjs.org/aws4/-/aws4-1.13.2.tgz 0ms (cache hit)
719 http cache @postman/tunnel-agent@https://registry.npmjs.org/@postman/tunnel-agent/-/tunnel-agent-0.6.8.tgz 0ms (cache hit)
720 http cache node-addon-api@https://registry.npmjs.org/node-addon-api/-/node-addon-api-7.1.1.tgz 0ms (cache hit)
721 http cache @parcel/watcher-darwin-arm64@https://registry.npmjs.org/@parcel/watcher-darwin-arm64/-/watcher-darwin-arm64-2.5.4.tgz 0ms (cache hit)
722 http cache @postman/tough-cookie@https://registry.npmjs.org/@postman/tough-cookie/-/tough-cookie-4.1.3-postman.1.tgz 0ms (cache hit)
723 http cache use-intl@https://registry.npmjs.org/use-intl/-/use-intl-4.7.0.tgz 0ms (cache hit)
724 http cache po-parser@https://registry.npmjs.org/po-parser/-/po-parser-2.1.1.tgz 0ms (cache hit)
725 http cache next-intl-swc-plugin-extractor@https://registry.npmjs.org/next-intl-swc-plugin-extractor/-/next-intl-swc-plugin-extractor-4.7.0.tgz 0ms (cache hit)
726 http cache negotiator@https://registry.npmjs.org/negotiator/-/negotiator-1.0.0.tgz 0ms (cache hit)
727 http cache @parcel/watcher@https://registry.npmjs.org/@parcel/watcher/-/watcher-2.5.4.tgz 0ms (cache hit)
728 http cache postman-request@https://registry.npmjs.org/postman-request/-/postman-request-2.88.1-postman.47.tgz 0ms (cache hit)
729 http cache @formatjs/intl-localematcher@https://registry.npmjs.org/@formatjs/intl-localematcher/-/intl-localematcher-0.5.10.tgz 0ms (cache hit)
730 http cache ws@https://registry.npmjs.org/ws/-/ws-8.19.0.tgz 0ms (cache hit)
731 http cache @types/ws@https://registry.npmjs.org/@types/ws/-/ws-8.18.1.tgz 0ms (cache hit)
732 http cache iceberg-js@https://registry.npmjs.org/iceberg-js/-/iceberg-js-0.8.1.tgz 0ms (cache hit)
733 http cache @types/phoenix@https://registry.npmjs.org/@types/phoenix/-/phoenix-1.6.7.tgz 0ms (cache hit)
734 http cache @supabase/realtime-js@https://registry.npmjs.org/@supabase/realtime-js/-/realtime-js-2.90.1.tgz 0ms (cache hit)
735 http cache @supabase/storage-js@https://registry.npmjs.org/@supabase/storage-js/-/storage-js-2.90.1.tgz 0ms (cache hit)
736 http cache @supabase/postgrest-js@https://registry.npmjs.org/@supabase/postgrest-js/-/postgrest-js-2.90.1.tgz 0ms (cache hit)
737 http cache @supabase/auth-js@https://registry.npmjs.org/@supabase/auth-js/-/auth-js-2.90.1.tgz 0ms (cache hit)
738 http cache stripe@https://registry.npmjs.org/stripe/-/stripe-20.1.2.tgz 0ms (cache hit)
739 http cache @supabase/functions-js@https://registry.npmjs.org/@supabase/functions-js/-/functions-js-2.90.1.tgz 0ms (cache hit)
740 http cache next-intl@https://registry.npmjs.org/next-intl/-/next-intl-4.7.0.tgz 0ms (cache hit)
741 http cache lucide-react@https://registry.npmjs.org/lucide-react/-/lucide-react-0.562.0.tgz 0ms (cache hit)
742 http cache requires-port@https://registry.npmjs.org/requires-port/-/requires-port-1.0.0.tgz 0ms (cache hit)
743 http cache iyzipay@https://registry.npmjs.org/iyzipay/-/iyzipay-2.0.64.tgz 0ms (cache hit)
744 http cache @supabase/ssr@https://registry.npmjs.org/@supabase/ssr/-/ssr-0.8.0.tgz 0ms (cache hit)
745 http cache @supabase/supabase-js@https://registry.npmjs.org/@supabase/supabase-js/-/supabase-js-2.90.1.tgz 0ms (cache hit)
746 http cache cookie@https://registry.npmjs.org/cookie/-/cookie-1.1.1.tgz 0ms (cache hit)
747 http cache @swc/core@https://registry.npmjs.org/@swc/core/-/core-1.15.8.tgz 0ms (cache hit)
748 http cache @formatjs/intl-localematcher@https://registry.npmjs.org/@formatjs/intl-localematcher/-/intl-localematcher-0.6.2.tgz 0ms (cache hit)
749 http cache qs@https://registry.npmjs.org/qs/-/qs-6.5.3.tgz 0ms (cache hit)
750 silly tarball no local data for @swc/types@https://registry.npmjs.org/@swc/types/-/types-0.1.25.tgz. Extracting by manifest.
751 silly tarball no local data for @swc/core-darwin-arm64@https://registry.npmjs.org/@swc/core-darwin-arm64/-/core-darwin-arm64-1.15.8.tgz. Extracting by manifest.
752 silly tarball no local data for @swc/counter@https://registry.npmjs.org/@swc/counter/-/counter-0.1.3.tgz. Extracting by manifest.
753 silly tarball no local data for core-util-is@https://registry.npmjs.org/core-util-is/-/core-util-is-1.0.2.tgz. Extracting by manifest.
754 silly tarball no local data for decimal.js@https://registry.npmjs.org/decimal.js/-/decimal.js-10.6.0.tgz. Extracting by manifest.
755 silly tarball no local data for @formatjs/icu-skeleton-parser@https://registry.npmjs.org/@formatjs/icu-skeleton-parser/-/icu-skeleton-parser-1.8.16.tgz. Extracting by manifest.
756 silly tarball no local data for @formatjs/icu-messageformat-parser@https://registry.npmjs.org/@formatjs/icu-messageformat-parser/-/icu-messageformat-parser-2.11.4.tgz. Extracting by manifest.
757 silly tarball no local data for @formatjs/ecma402-abstract@https://registry.npmjs.org/@formatjs/ecma402-abstract/-/ecma402-abstract-2.3.6.tgz. Extracting by manifest.
758 silly tarball no local data for intl-messageformat@https://registry.npmjs.org/intl-messageformat/-/intl-messageformat-10.7.18.tgz. Extracting by manifest.
759 silly tarball no local data for @schummar/icu-type-parser@https://registry.npmjs.org/@schummar/icu-type-parser/-/icu-type-parser-1.21.5.tgz. Extracting by manifest.
760 http cache qs@https://registry.npmjs.org/qs/-/qs-6.14.1.tgz 0ms (cache hit)
761 silly tarball no local data for @formatjs/fast-memoize@https://registry.npmjs.org/@formatjs/fast-memoize/-/fast-memoize-2.2.7.tgz. Extracting by manifest.
762 silly tarball no local data for querystringify@https://registry.npmjs.org/querystringify/-/querystringify-2.2.0.tgz. Extracting by manifest.
763 silly tarball no local data for tweetnacl@https://registry.npmjs.org/tweetnacl/-/tweetnacl-0.14.5.tgz. Extracting by manifest.
764 silly tarball no local data for bluebird@https://registry.npmjs.org/bluebird/-/bluebird-2.11.0.tgz. Extracting by manifest.
765 silly tarball no local data for safer-buffer@https://registry.npmjs.org/safer-buffer/-/safer-buffer-2.1.2.tgz. Extracting by manifest.
766 silly tarball no local data for getpass@https://registry.npmjs.org/getpass/-/getpass-0.1.7.tgz. Extracting by manifest.
767 silly tarball no local data for ecc-jsbn@https://registry.npmjs.org/ecc-jsbn/-/ecc-jsbn-0.1.2.tgz. Extracting by manifest.
768 silly tarball no local data for jsbn@https://registry.npmjs.org/jsbn/-/jsbn-0.1.1.tgz. Extracting by manifest.
769 silly tarball no local data for dashdash@https://registry.npmjs.org/dashdash/-/dashdash-1.14.1.tgz. Extracting by manifest.
770 silly tarball no local data for asn1@https://registry.npmjs.org/asn1/-/asn1-0.2.6.tgz. Extracting by manifest.
771 silly tarball no local data for bcrypt-pbkdf@https://registry.npmjs.org/bcrypt-pbkdf/-/bcrypt-pbkdf-1.0.2.tgz. Extracting by manifest.
772 silly tarball no local data for smart-buffer@https://registry.npmjs.org/smart-buffer/-/smart-buffer-4.2.0.tgz. Extracting by manifest.
773 silly tarball no local data for agent-base@https://registry.npmjs.org/agent-base/-/agent-base-7.1.4.tgz. Extracting by manifest.
774 silly tarball no local data for ip-address@https://registry.npmjs.org/ip-address/-/ip-address-10.1.0.tgz. Extracting by manifest.
775 silly tarball no local data for mime-db@https://registry.npmjs.org/mime-db/-/mime-db-1.52.0.tgz. Extracting by manifest.
776 silly tarball no local data for verror@https://registry.npmjs.org/verror/-/verror-1.10.0.tgz. Extracting by manifest.
777 silly tarball no local data for extsprintf@https://registry.npmjs.org/extsprintf/-/extsprintf-1.3.0.tgz. Extracting by manifest.
778 silly tarball no local data for socks@https://registry.npmjs.org/socks/-/socks-2.8.7.tgz. Extracting by manifest.
779 silly tarball no local data for json-schema@https://registry.npmjs.org/json-schema/-/json-schema-0.4.0.tgz. Extracting by manifest.
780 silly tarball no local data for jsprim@https://registry.npmjs.org/jsprim/-/jsprim-2.0.2.tgz. Extracting by manifest.
781 silly tarball no local data for sshpk@https://registry.npmjs.org/sshpk/-/sshpk-1.18.0.tgz. Extracting by manifest.
782 silly tarball no local data for assert-plus@https://registry.npmjs.org/assert-plus/-/assert-plus-1.0.0.tgz. Extracting by manifest.
783 silly tarball no local data for psl@https://registry.npmjs.org/psl/-/psl-1.15.0.tgz. Extracting by manifest.
784 silly tarball no local data for delayed-stream@https://registry.npmjs.org/delayed-stream/-/delayed-stream-1.0.0.tgz. Extracting by manifest.
785 silly tarball no local data for universalify@https://registry.npmjs.org/universalify/-/universalify-0.2.0.tgz. Extracting by manifest.
786 silly tarball no local data for uuid@https://registry.npmjs.org/uuid/-/uuid-8.3.2.tgz. Extracting by manifest.
787 silly tarball no local data for url-parse@https://registry.npmjs.org/url-parse/-/url-parse-1.5.10.tgz. Extracting by manifest.
788 silly tarball no local data for stream-length@https://registry.npmjs.org/stream-length/-/stream-length-1.0.2.tgz. Extracting by manifest.
789 silly tarball no local data for safe-buffer@https://registry.npmjs.org/safe-buffer/-/safe-buffer-5.2.1.tgz. Extracting by manifest.
790 silly tarball no local data for asynckit@https://registry.npmjs.org/asynckit/-/asynckit-0.4.0.tgz. Extracting by manifest.
791 silly tarball no local data for socks-proxy-agent@https://registry.npmjs.org/socks-proxy-agent/-/socks-proxy-agent-8.0.5.tgz. Extracting by manifest.
792 silly tarball no local data for json-stringify-safe@https://registry.npmjs.org/json-stringify-safe/-/json-stringify-safe-5.0.1.tgz. Extracting by manifest.
793 silly tarball no local data for mime-types@https://registry.npmjs.org/mime-types/-/mime-types-2.1.35.tgz. Extracting by manifest.
794 silly tarball no local data for oauth-sign@https://registry.npmjs.org/oauth-sign/-/oauth-sign-0.9.0.tgz. Extracting by manifest.
795 silly tarball no local data for isstream@https://registry.npmjs.org/isstream/-/isstream-0.1.2.tgz. Extracting by manifest.
796 silly tarball no local data for forever-agent@https://registry.npmjs.org/forever-agent/-/forever-agent-0.6.1.tgz. Extracting by manifest.
797 silly tarball no local data for extend@https://registry.npmjs.org/extend/-/extend-3.0.2.tgz. Extracting by manifest.
798 silly tarball no local data for is-typedarray@https://registry.npmjs.org/is-typedarray/-/is-typedarray-1.0.0.tgz. Extracting by manifest.
799 silly tarball no local data for combined-stream@https://registry.npmjs.org/combined-stream/-/combined-stream-1.0.8.tgz. Extracting by manifest.
800 silly tarball no local data for caseless@https://registry.npmjs.org/caseless/-/caseless-0.12.0.tgz. Extracting by manifest.
801 silly tarball no local data for http-signature@https://registry.npmjs.org/http-signature/-/http-signature-1.4.0.tgz. Extracting by manifest.
802 silly tarball no local data for aws-sign2@https://registry.npmjs.org/aws-sign2/-/aws-sign2-0.7.0.tgz. Extracting by manifest.
803 silly tarball no local data for @postman/form-data@https://registry.npmjs.org/@postman/form-data/-/form-data-3.1.1.tgz. Extracting by manifest.
804 silly tarball no local data for aws4@https://registry.npmjs.org/aws4/-/aws4-1.13.2.tgz. Extracting by manifest.
805 silly tarball no local data for @postman/tunnel-agent@https://registry.npmjs.org/@postman/tunnel-agent/-/tunnel-agent-0.6.8.tgz. Extracting by manifest.
806 silly tarball no local data for node-addon-api@https://registry.npmjs.org/node-addon-api/-/node-addon-api-7.1.1.tgz. Extracting by manifest.
807 silly tarball no local data for @parcel/watcher-darwin-arm64@https://registry.npmjs.org/@parcel/watcher-darwin-arm64/-/watcher-darwin-arm64-2.5.4.tgz. Extracting by manifest.
808 silly tarball no local data for @postman/tough-cookie@https://registry.npmjs.org/@postman/tough-cookie/-/tough-cookie-4.1.3-postman.1.tgz. Extracting by manifest.
809 silly tarball no local data for use-intl@https://registry.npmjs.org/use-intl/-/use-intl-4.7.0.tgz. Extracting by manifest.
810 silly tarball no local data for po-parser@https://registry.npmjs.org/po-parser/-/po-parser-2.1.1.tgz. Extracting by manifest.
811 silly tarball no local data for next-intl-swc-plugin-extractor@https://registry.npmjs.org/next-intl-swc-plugin-extractor/-/next-intl-swc-plugin-extractor-4.7.0.tgz. Extracting by manifest.
812 silly tarball no local data for negotiator@https://registry.npmjs.org/negotiator/-/negotiator-1.0.0.tgz. Extracting by manifest.
813 silly tarball no local data for @parcel/watcher@https://registry.npmjs.org/@parcel/watcher/-/watcher-2.5.4.tgz. Extracting by manifest.
814 silly tarball no local data for postman-request@https://registry.npmjs.org/postman-request/-/postman-request-2.88.1-postman.47.tgz. Extracting by manifest.
815 silly tarball no local data for @formatjs/intl-localematcher@https://registry.npmjs.org/@formatjs/intl-localematcher/-/intl-localematcher-0.5.10.tgz. Extracting by manifest.
816 silly tarball no local data for ws@https://registry.npmjs.org/ws/-/ws-8.19.0.tgz. Extracting by manifest.
817 silly tarball no local data for @types/ws@https://registry.npmjs.org/@types/ws/-/ws-8.18.1.tgz. Extracting by manifest.
818 silly tarball no local data for iceberg-js@https://registry.npmjs.org/iceberg-js/-/iceberg-js-0.8.1.tgz. Extracting by manifest.
819 silly tarball no local data for @types/phoenix@https://registry.npmjs.org/@types/phoenix/-/phoenix-1.6.7.tgz. Extracting by manifest.
820 silly tarball no local data for @supabase/realtime-js@https://registry.npmjs.org/@supabase/realtime-js/-/realtime-js-2.90.1.tgz. Extracting by manifest.
821 silly tarball no local data for @supabase/storage-js@https://registry.npmjs.org/@supabase/storage-js/-/storage-js-2.90.1.tgz. Extracting by manifest.
822 silly tarball no local data for @supabase/postgrest-js@https://registry.npmjs.org/@supabase/postgrest-js/-/postgrest-js-2.90.1.tgz. Extracting by manifest.
823 silly tarball no local data for @supabase/auth-js@https://registry.npmjs.org/@supabase/auth-js/-/auth-js-2.90.1.tgz. Extracting by manifest.
824 silly tarball no local data for stripe@https://registry.npmjs.org/stripe/-/stripe-20.1.2.tgz. Extracting by manifest.
825 silly tarball no local data for @supabase/functions-js@https://registry.npmjs.org/@supabase/functions-js/-/functions-js-2.90.1.tgz. Extracting by manifest.
826 silly tarball no local data for next-intl@https://registry.npmjs.org/next-intl/-/next-intl-4.7.0.tgz. Extracting by manifest.
827 silly tarball no local data for lucide-react@https://registry.npmjs.org/lucide-react/-/lucide-react-0.562.0.tgz. Extracting by manifest.
828 silly tarball no local data for requires-port@https://registry.npmjs.org/requires-port/-/requires-port-1.0.0.tgz. Extracting by manifest.
829 silly tarball no local data for iyzipay@https://registry.npmjs.org/iyzipay/-/iyzipay-2.0.64.tgz. Extracting by manifest.
830 silly tarball no local data for @supabase/ssr@https://registry.npmjs.org/@supabase/ssr/-/ssr-0.8.0.tgz. Extracting by manifest.
831 silly tarball no local data for @supabase/supabase-js@https://registry.npmjs.org/@supabase/supabase-js/-/supabase-js-2.90.1.tgz. Extracting by manifest.
832 http cache picomatch@https://registry.npmjs.org/picomatch/-/picomatch-4.0.3.tgz 0ms (cache hit)
833 silly tarball no local data for cookie@https://registry.npmjs.org/cookie/-/cookie-1.1.1.tgz. Extracting by manifest.
834 silly tarball no local data for @swc/core@https://registry.npmjs.org/@swc/core/-/core-1.15.8.tgz. Extracting by manifest.
835 silly tarball no local data for @formatjs/intl-localematcher@https://registry.npmjs.org/@formatjs/intl-localematcher/-/intl-localematcher-0.6.2.tgz. Extracting by manifest.
836 silly tarball no local data for qs@https://registry.npmjs.org/qs/-/qs-6.5.3.tgz. Extracting by manifest.
837 silly tarball no local data for qs@https://registry.npmjs.org/qs/-/qs-6.14.1.tgz. Extracting by manifest.
838 silly tarball no local data for picomatch@https://registry.npmjs.org/picomatch/-/picomatch-4.0.3.tgz. Extracting by manifest.
839 http fetch GET 200 https://registry.npmjs.org/core-util-is/-/core-util-is-1.0.2.tgz 144ms (cache miss)
840 http fetch GET 200 https://registry.npmjs.org/@swc/counter/-/counter-0.1.3.tgz 145ms (cache miss)
841 http fetch GET 200 https://registry.npmjs.org/@swc/types/-/types-0.1.25.tgz 146ms (cache miss)
842 http fetch GET 200 https://registry.npmjs.org/@formatjs/icu-skeleton-parser/-/icu-skeleton-parser-1.8.16.tgz 146ms (cache miss)
843 http fetch GET 200 https://registry.npmjs.org/decimal.js/-/decimal.js-10.6.0.tgz 147ms (cache miss)
844 http fetch GET 200 https://registry.npmjs.org/ecc-jsbn/-/ecc-jsbn-0.1.2.tgz 208ms (cache miss)
845 http fetch GET 200 https://registry.npmjs.org/getpass/-/getpass-0.1.7.tgz 208ms (cache miss)
846 http fetch GET 200 https://registry.npmjs.org/jsbn/-/jsbn-0.1.1.tgz 209ms (cache miss)
847 http fetch POST 200 https://registry.npmjs.org/-/npm/v1/security/advisories/bulk 238ms
848 silly audit report {
848 silly audit report   qs: [
848 silly audit report     {
848 silly audit report       id: 1111755,
848 silly audit report       url: 'https://github.com/advisories/GHSA-6rw7-vpxm-498p',
848 silly audit report       title: "qs's arrayLimit bypass in its bracket notation allows DoS via memory exhaustion",
848 silly audit report       severity: 'high',
848 silly audit report       vulnerable_versions: '<6.14.1',
848 silly audit report       cwe: [Array],
848 silly audit report       cvss: [Object]
848 silly audit report     }
848 silly audit report   ]
848 silly audit report }
849 silly packumentCache corgi:https://registry.npmjs.org/qs cache-miss
850 http fetch GET 200 https://registry.npmjs.org/dashdash/-/dashdash-1.14.1.tgz 219ms (cache miss)
851 http fetch GET 200 https://registry.npmjs.org/safer-buffer/-/safer-buffer-2.1.2.tgz 230ms (cache miss)
852 http fetch GET 200 https://registry.npmjs.org/asn1/-/asn1-0.2.6.tgz 263ms (cache miss)
853 http fetch GET 200 https://registry.npmjs.org/bcrypt-pbkdf/-/bcrypt-pbkdf-1.0.2.tgz 285ms (cache miss)
854 http fetch GET 200 https://registry.npmjs.org/agent-base/-/agent-base-7.1.4.tgz 288ms (cache miss)
855 http fetch GET 200 https://registry.npmjs.org/mime-db/-/mime-db-1.52.0.tgz 304ms (cache miss)
856 http fetch GET 200 https://registry.npmjs.org/smart-buffer/-/smart-buffer-4.2.0.tgz 306ms (cache miss)
857 http fetch GET 200 https://registry.npmjs.org/ip-address/-/ip-address-10.1.0.tgz 318ms (cache miss)
858 http fetch GET 200 https://registry.npmjs.org/@formatjs/fast-memoize/-/fast-memoize-2.2.7.tgz 325ms (cache miss)
859 http fetch GET 200 https://registry.npmjs.org/bluebird/-/bluebird-2.11.0.tgz 335ms (cache miss)
860 http fetch GET 200 https://registry.npmjs.org/verror/-/verror-1.10.0.tgz 335ms (cache miss)
861 http fetch GET 200 https://registry.npmjs.org/@schummar/icu-type-parser/-/icu-type-parser-1.21.5.tgz 339ms (cache miss)
862 http fetch GET 200 https://registry.npmjs.org/querystringify/-/querystringify-2.2.0.tgz 339ms (cache miss)
863 http fetch GET 200 https://registry.npmjs.org/tweetnacl/-/tweetnacl-0.14.5.tgz 342ms (cache miss)
864 http fetch GET 200 https://registry.npmjs.org/intl-messageformat/-/intl-messageformat-10.7.18.tgz 347ms (cache miss)
865 http fetch GET 200 https://registry.npmjs.org/@formatjs/icu-messageformat-parser/-/icu-messageformat-parser-2.11.4.tgz 348ms (cache miss)
866 http fetch GET 200 https://registry.npmjs.org/@formatjs/ecma402-abstract/-/ecma402-abstract-2.3.6.tgz 359ms (cache miss)
867 http fetch GET 200 https://registry.npmjs.org/extsprintf/-/extsprintf-1.3.0.tgz 358ms (cache miss)
868 http fetch GET 200 https://registry.npmjs.org/socks/-/socks-2.8.7.tgz 365ms (cache miss)
869 http fetch GET 200 https://registry.npmjs.org/json-schema/-/json-schema-0.4.0.tgz 373ms (cache miss)
870 http fetch GET 200 https://registry.npmjs.org/assert-plus/-/assert-plus-1.0.0.tgz 380ms (cache miss)
871 http fetch GET 200 https://registry.npmjs.org/sshpk/-/sshpk-1.18.0.tgz 381ms (cache miss)
872 http fetch GET 200 https://registry.npmjs.org/jsprim/-/jsprim-2.0.2.tgz 387ms (cache miss)
873 http fetch GET 200 https://registry.npmjs.org/universalify/-/universalify-0.2.0.tgz 394ms (cache miss)
874 http fetch GET 200 https://registry.npmjs.org/delayed-stream/-/delayed-stream-1.0.0.tgz 399ms (cache miss)
875 http fetch GET 200 https://registry.npmjs.org/safe-buffer/-/safe-buffer-5.2.1.tgz 406ms (cache miss)
876 http fetch GET 200 https://registry.npmjs.org/asynckit/-/asynckit-0.4.0.tgz 412ms (cache miss)
877 http fetch GET 200 https://registry.npmjs.org/url-parse/-/url-parse-1.5.10.tgz 414ms (cache miss)
878 http fetch GET 200 https://registry.npmjs.org/psl/-/psl-1.15.0.tgz 429ms (cache miss)
879 http fetch GET 200 https://registry.npmjs.org/uuid/-/uuid-8.3.2.tgz 431ms (cache miss)
880 http fetch GET 200 https://registry.npmjs.org/json-stringify-safe/-/json-stringify-safe-5.0.1.tgz 433ms (cache miss)
881 http fetch GET 200 https://registry.npmjs.org/socks-proxy-agent/-/socks-proxy-agent-8.0.5.tgz 437ms (cache miss)
882 http fetch GET 200 https://registry.npmjs.org/isstream/-/isstream-0.1.2.tgz 451ms (cache miss)
883 http fetch GET 200 https://registry.npmjs.org/extend/-/extend-3.0.2.tgz 453ms (cache miss)
884 http fetch GET 200 https://registry.npmjs.org/mime-types/-/mime-types-2.1.35.tgz 456ms (cache miss)
885 http fetch GET 200 https://registry.npmjs.org/forever-agent/-/forever-agent-0.6.1.tgz 462ms (cache miss)
886 http fetch GET 200 https://registry.npmjs.org/oauth-sign/-/oauth-sign-0.9.0.tgz 475ms (cache miss)
887 http fetch GET 200 https://registry.npmjs.org/is-typedarray/-/is-typedarray-1.0.0.tgz 482ms (cache miss)
888 http fetch GET 200 https://registry.npmjs.org/http-signature/-/http-signature-1.4.0.tgz 482ms (cache miss)
889 http fetch GET 200 https://registry.npmjs.org/caseless/-/caseless-0.12.0.tgz 483ms (cache miss)
890 http fetch GET 200 https://registry.npmjs.org/combined-stream/-/combined-stream-1.0.8.tgz 483ms (cache miss)
891 http fetch GET 200 https://registry.npmjs.org/stream-length/-/stream-length-1.0.2.tgz 499ms (cache miss)
892 http fetch GET 200 https://registry.npmjs.org/aws-sign2/-/aws-sign2-0.7.0.tgz 497ms (cache miss)
893 http fetch GET 200 https://registry.npmjs.org/aws4/-/aws4-1.13.2.tgz 507ms (cache miss)
894 http fetch GET 200 https://registry.npmjs.org/@postman/form-data/-/form-data-3.1.1.tgz 514ms (cache miss)
895 http fetch GET 200 https://registry.npmjs.org/node-addon-api/-/node-addon-api-7.1.1.tgz 518ms (cache miss)
896 http fetch GET 200 https://registry.npmjs.org/@parcel/watcher-darwin-arm64/-/watcher-darwin-arm64-2.5.4.tgz 535ms (cache miss)
897 http fetch GET 200 https://registry.npmjs.org/@postman/tough-cookie/-/tough-cookie-4.1.3-postman.1.tgz 542ms (cache miss)
898 http fetch GET 200 https://registry.npmjs.org/use-intl/-/use-intl-4.7.0.tgz 552ms (cache miss)
899 http fetch GET 200 https://registry.npmjs.org/negotiator/-/negotiator-1.0.0.tgz 552ms (cache miss)
900 http fetch GET 200 https://registry.npmjs.org/@postman/tunnel-agent/-/tunnel-agent-0.6.8.tgz 557ms (cache miss)
901 http fetch GET 200 https://registry.npmjs.org/po-parser/-/po-parser-2.1.1.tgz 652ms (cache miss)
902 http fetch GET 200 https://registry.npmjs.org/@types/ws/-/ws-8.18.1.tgz 665ms (cache miss)
903 http fetch GET 200 https://registry.npmjs.org/@types/phoenix/-/phoenix-1.6.7.tgz 666ms (cache miss)
904 http fetch GET 200 https://registry.npmjs.org/iceberg-js/-/iceberg-js-0.8.1.tgz 672ms (cache miss)
905 http fetch GET 200 https://registry.npmjs.org/ws/-/ws-8.19.0.tgz 681ms (cache miss)
906 http fetch GET 200 https://registry.npmjs.org/postman-request/-/postman-request-2.88.1-postman.47.tgz 683ms (cache miss)
907 http fetch GET 200 https://registry.npmjs.org/@supabase/postgrest-js/-/postgrest-js-2.90.1.tgz 689ms (cache miss)
908 http fetch GET 200 https://registry.npmjs.org/@parcel/watcher/-/watcher-2.5.4.tgz 692ms (cache miss)
909 http fetch GET 200 https://registry.npmjs.org/@formatjs/intl-localematcher/-/intl-localematcher-0.5.10.tgz 693ms (cache miss)
910 http fetch GET 200 https://registry.npmjs.org/@supabase/realtime-js/-/realtime-js-2.90.1.tgz 701ms (cache miss)
911 http fetch GET 200 https://registry.npmjs.org/requires-port/-/requires-port-1.0.0.tgz 740ms (cache miss)
912 http fetch GET 200 https://registry.npmjs.org/cookie/-/cookie-1.1.1.tgz 741ms (cache miss)
913 http fetch GET 200 https://registry.npmjs.org/next-intl-swc-plugin-extractor/-/next-intl-swc-plugin-extractor-4.7.0.tgz 778ms (cache miss)
914 http fetch GET 200 https://registry.npmjs.org/@supabase/supabase-js/-/supabase-js-2.90.1.tgz 787ms (cache miss)
915 http fetch GET 200 https://registry.npmjs.org/@swc/core/-/core-1.15.8.tgz 788ms (cache miss)
916 http fetch GET 200 https://registry.npmjs.org/@supabase/functions-js/-/functions-js-2.90.1.tgz 798ms (cache miss)
917 http fetch GET 200 https://registry.npmjs.org/@formatjs/intl-localematcher/-/intl-localematcher-0.6.2.tgz 808ms (cache miss)
918 http fetch GET 200 https://registry.npmjs.org/picomatch/-/picomatch-4.0.3.tgz 796ms (cache miss)
919 http fetch GET 200 https://registry.npmjs.org/qs/-/qs-6.5.3.tgz 822ms (cache miss)
920 http fetch GET 200 https://registry.npmjs.org/@supabase/ssr/-/ssr-0.8.0.tgz 831ms (cache miss)
921 http fetch GET 200 https://registry.npmjs.org/qs/-/qs-6.14.1.tgz 826ms (cache miss)
922 http fetch GET 200 https://registry.npmjs.org/qs 628ms (cache miss)
923 silly packumentCache corgi:https://registry.npmjs.org/qs set size:undefined disposed:false
924 http fetch GET 200 https://registry.npmjs.org/iyzipay/-/iyzipay-2.0.64.tgz 837ms (cache miss)
925 silly packumentCache corgi:https://registry.npmjs.org/postman-request cache-miss
926 http fetch GET 200 https://registry.npmjs.org/@supabase/auth-js/-/auth-js-2.90.1.tgz 876ms (cache miss)
927 http fetch GET 200 https://registry.npmjs.org/postman-request 74ms (cache miss)
928 silly packumentCache corgi:https://registry.npmjs.org/postman-request set size:undefined disposed:false
929 silly packumentCache corgi:https://registry.npmjs.org/iyzipay cache-miss
930 http fetch GET 200 https://registry.npmjs.org/next-intl/-/next-intl-4.7.0.tgz 958ms (cache miss)
931 http fetch GET 200 https://registry.npmjs.org/@swc/core-darwin-arm64/-/core-darwin-arm64-1.15.8.tgz 1027ms (cache miss)
932 http fetch GET 200 https://registry.npmjs.org/stripe/-/stripe-20.1.2.tgz 1028ms (cache miss)
933 http fetch GET 200 https://registry.npmjs.org/iyzipay 252ms (cache miss)
934 silly packumentCache corgi:https://registry.npmjs.org/iyzipay set size:undefined disposed:false
935 http fetch GET 200 https://registry.npmjs.org/@supabase/storage-js/-/storage-js-2.90.1.tgz 1175ms (cache miss)
936 http fetch GET 200 https://registry.npmjs.org/lucide-react/-/lucide-react-0.562.0.tgz 1470ms (cache miss)
937 info run @parcel/watcher@2.5.4 install node_modules/@parcel/watcher node scripts/build-from-source.js
938 info run @parcel/watcher@2.5.4 install { code: 0, signal: null }
939 info run @swc/core@1.15.8 postinstall node_modules/next-intl/node_modules/@swc/core node postinstall.js
940 info run @swc/core@1.15.8 postinstall { code: 0, signal: null }
941 silly ADD node_modules/@swc/types
942 silly ADD node_modules/@swc/counter
943 silly ADD node_modules/@swc/core-darwin-arm64
944 silly ADD node_modules/core-util-is
945 silly ADD node_modules/@formatjs/icu-skeleton-parser
946 silly ADD node_modules/decimal.js
947 silly ADD node_modules/@formatjs/icu-messageformat-parser
948 silly ADD node_modules/@formatjs/ecma402-abstract
949 silly ADD node_modules/@formatjs/ecma402-abstract/node_modules/@formatjs/intl-localematcher
950 silly ADD node_modules/intl-messageformat
951 silly ADD node_modules/@schummar/icu-type-parser
952 silly ADD node_modules/@formatjs/fast-memoize
953 silly ADD node_modules/requires-port
954 silly ADD node_modules/querystringify
955 silly ADD node_modules/bluebird
956 silly ADD node_modules/tweetnacl
957 silly ADD node_modules/safer-buffer
958 silly ADD node_modules/jsbn
959 silly ADD node_modules/getpass
960 silly ADD node_modules/ecc-jsbn
961 silly ADD node_modules/dashdash
962 silly ADD node_modules/bcrypt-pbkdf
963 silly ADD node_modules/asn1
964 silly ADD node_modules/smart-buffer
965 silly ADD node_modules/ip-address
966 silly ADD node_modules/socks
967 silly ADD node_modules/agent-base
968 silly ADD node_modules/mime-db
969 silly ADD node_modules/verror
970 silly ADD node_modules/json-schema
971 silly ADD node_modules/extsprintf
972 silly ADD node_modules/sshpk
973 silly ADD node_modules/jsprim
974 silly ADD node_modules/assert-plus
975 silly ADD node_modules/delayed-stream
976 silly ADD node_modules/url-parse
977 silly ADD node_modules/universalify
978 silly ADD node_modules/psl
979 silly ADD node_modules/asynckit
980 silly ADD node_modules/uuid
981 silly ADD node_modules/stream-length
982 silly ADD node_modules/socks-proxy-agent
983 silly ADD node_modules/safe-buffer
984 silly ADD node_modules/qs
985 silly ADD node_modules/oauth-sign
986 silly ADD node_modules/mime-types
987 silly ADD node_modules/json-stringify-safe
988 silly ADD node_modules/isstream
989 silly ADD node_modules/is-typedarray
990 silly ADD node_modules/http-signature
991 silly ADD node_modules/forever-agent
992 silly ADD node_modules/extend
993 silly ADD node_modules/combined-stream
994 silly ADD node_modules/caseless
995 silly ADD node_modules/aws4
996 silly ADD node_modules/aws-sign2
997 silly ADD node_modules/@postman/tunnel-agent
998 silly ADD node_modules/@postman/tough-cookie
999 silly ADD node_modules/@postman/form-data
1000 silly ADD node_modules/node-addon-api
1001 silly ADD node_modules/@parcel/watcher-darwin-arm64
1002 silly ADD node_modules/use-intl
1003 silly ADD node_modules/po-parser
1004 silly ADD node_modules/next-intl-swc-plugin-extractor
1005 silly ADD node_modules/negotiator
1006 silly ADD node_modules/@parcel/watcher
1007 silly ADD node_modules/@parcel/watcher/node_modules/picomatch
1008 silly ADD node_modules/@formatjs/intl-localematcher
1009 silly ADD node_modules/postman-request
1010 silly ADD node_modules/iceberg-js
1011 silly ADD node_modules/ws
1012 silly ADD node_modules/@types/ws
1013 silly ADD node_modules/@types/phoenix
1014 silly ADD node_modules/@supabase/storage-js
1015 silly ADD node_modules/@supabase/realtime-js
1016 silly ADD node_modules/@supabase/postgrest-js
1017 silly ADD node_modules/@supabase/functions-js
1018 silly ADD node_modules/@supabase/auth-js
1019 silly ADD node_modules/cookie
1020 silly ADD node_modules/stripe
1021 silly ADD node_modules/stripe/node_modules/qs
1022 silly ADD node_modules/next-intl
1023 silly ADD node_modules/next-intl/node_modules/@swc/core
1024 silly ADD node_modules/lucide-react
1025 silly ADD node_modules/iyzipay
1026 silly ADD node_modules/@supabase/supabase-js
1027 silly ADD node_modules/@supabase/ssr
1028 verbose cwd /Users/erdemaslan/grohnfabrics
1029 verbose os Darwin 25.2.0
1030 verbose node v24.12.0
1031 verbose npm  v11.6.2
1032 verbose exit 0
1033 info ok
