0 verbose cli /usr/local/bin/node /usr/local/bin/npm
1 info using npm@11.6.2
2 info using node@v24.12.0
3 silly config load:file:/usr/local/lib/node_modules/npm/npmrc
4 silly config load:file:/Users/erdemaslan/grohnfabrics/.npmrc
5 silly config load:file:/Users/erdemaslan/.npmrc
6 silly config load:file:/usr/local/etc/npmrc
7 verbose title npm install @aws-sdk/client-s3
8 verbose argv "install" "@aws-sdk/client-s3" "--save"
9 verbose logfile logs-max:10 dir:/Users/erdemaslan/grohnfabrics/.npm-cache/_logs/2026-01-13T23_13_02_653Z-
10 verbose logfile /Users/erdemaslan/grohnfabrics/.npm-cache/_logs/2026-01-13T23_13_02_653Z-debug-0.log
11 silly logfile start cleaning logs, removing 1 files
12 silly packumentCache heap:4496293888 maxSize:1124073472 maxEntrySize:562036736
13 silly logfile done cleaning log files
14 silly idealTree buildDeps
15 silly fetch manifest @aws-sdk/client-s3@*
16 silly packumentCache full:https://registry.npmjs.org/@aws-sdk%2fclient-s3 cache-miss
17 http fetch GET 200 https://registry.npmjs.org/@aws-sdk%2fclient-s3 617ms (cache miss)
18 silly packumentCache full:https://registry.npmjs.org/@aws-sdk%2fclient-s3 set size:undefined disposed:false
19 silly placeDep ROOT @aws-sdk/client-s3@3.968.0 OK for: grohnfabrics@0.1.0 want: *
20 silly fetch manifest @aws-crypto/sha1-browser@5.2.0
21 silly packumentCache full:https://registry.npmjs.org/@aws-crypto%2fsha1-browser cache-miss
22 silly fetch manifest @aws-crypto/sha256-browser@5.2.0
23 silly packumentCache full:https://registry.npmjs.org/@aws-crypto%2fsha256-browser cache-miss
24 silly fetch manifest @aws-crypto/sha256-js@5.2.0
25 silly packumentCache full:https://registry.npmjs.org/@aws-crypto%2fsha256-js cache-miss
26 silly fetch manifest @aws-sdk/core@3.968.0
27 silly packumentCache full:https://registry.npmjs.org/@aws-sdk%2fcore cache-miss
28 silly fetch manifest @aws-sdk/credential-provider-node@3.968.0
29 silly packumentCache full:https://registry.npmjs.org/@aws-sdk%2fcredential-provider-node cache-miss
30 silly fetch manifest @aws-sdk/middleware-bucket-endpoint@3.968.0
31 silly packumentCache full:https://registry.npmjs.org/@aws-sdk%2fmiddleware-bucket-endpoint cache-miss
32 silly fetch manifest @aws-sdk/middleware-expect-continue@3.968.0
33 silly packumentCache full:https://registry.npmjs.org/@aws-sdk%2fmiddleware-expect-continue cache-miss
34 http fetch GET 200 https://registry.npmjs.org/@aws-crypto%2fsha1-browser 117ms (cache miss)
35 silly packumentCache full:https://registry.npmjs.org/@aws-crypto%2fsha1-browser set size:undefined disposed:false
36 silly fetch manifest @aws-sdk/middleware-flexible-checksums@3.968.0
37 silly packumentCache full:https://registry.npmjs.org/@aws-sdk%2fmiddleware-flexible-checksums cache-miss
38 http fetch GET 200 https://registry.npmjs.org/@aws-sdk%2fmiddleware-flexible-checksums 113ms (cache miss)
39 silly packumentCache full:https://registry.npmjs.org/@aws-sdk%2fmiddleware-flexible-checksums set size:undefined disposed:false
40 silly fetch manifest @aws-sdk/middleware-host-header@3.968.0
41 silly packumentCache full:https://registry.npmjs.org/@aws-sdk%2fmiddleware-host-header cache-miss
42 http fetch GET 200 https://registry.npmjs.org/@aws-crypto%2fsha256-js 340ms (cache miss)
43 silly packumentCache full:https://registry.npmjs.org/@aws-crypto%2fsha256-js set size:undefined disposed:false
44 silly fetch manifest @aws-sdk/middleware-location-constraint@3.968.0
45 silly packumentCache full:https://registry.npmjs.org/@aws-sdk%2fmiddleware-location-constraint cache-miss
46 http fetch GET 200 https://registry.npmjs.org/@aws-crypto%2fsha256-browser 346ms (cache miss)
47 silly packumentCache full:https://registry.npmjs.org/@aws-crypto%2fsha256-browser set size:undefined disposed:false
48 silly fetch manifest @aws-sdk/middleware-logger@3.968.0
49 silly packumentCache full:https://registry.npmjs.org/@aws-sdk%2fmiddleware-logger cache-miss
50 http fetch GET 200 https://registry.npmjs.org/@aws-sdk%2fmiddleware-host-header 117ms (cache miss)
51 silly packumentCache full:https://registry.npmjs.org/@aws-sdk%2fmiddleware-host-header set size:undefined disposed:false
52 silly fetch manifest @aws-sdk/middleware-recursion-detection@3.968.0
53 silly packumentCache full:https://registry.npmjs.org/@aws-sdk%2fmiddleware-recursion-detection cache-miss
54 http fetch GET 200 https://registry.npmjs.org/@aws-sdk%2fcore 358ms (cache miss)
55 silly packumentCache full:https://registry.npmjs.org/@aws-sdk%2fcore set size:undefined disposed:false
56 silly fetch manifest @aws-sdk/middleware-sdk-s3@3.968.0
57 silly packumentCache full:https://registry.npmjs.org/@aws-sdk%2fmiddleware-sdk-s3 cache-miss
58 http fetch GET 200 https://registry.npmjs.org/@aws-sdk%2fmiddleware-expect-continue 361ms (cache miss)
59 silly packumentCache full:https://registry.npmjs.org/@aws-sdk%2fmiddleware-expect-continue set size:undefined disposed:false
60 silly fetch manifest @aws-sdk/middleware-ssec@3.968.0
61 silly packumentCache full:https://registry.npmjs.org/@aws-sdk%2fmiddleware-ssec cache-miss
62 http fetch GET 200 https://registry.npmjs.org/@aws-sdk%2fcredential-provider-node 374ms (cache miss)
63 silly packumentCache full:https://registry.npmjs.org/@aws-sdk%2fcredential-provider-node set size:undefined disposed:false
64 silly fetch manifest @aws-sdk/middleware-user-agent@3.968.0
65 silly packumentCache full:https://registry.npmjs.org/@aws-sdk%2fmiddleware-user-agent cache-miss
66 http fetch GET 200 https://registry.npmjs.org/@aws-sdk%2fmiddleware-bucket-endpoint 381ms (cache miss)
67 silly packumentCache full:https://registry.npmjs.org/@aws-sdk%2fmiddleware-bucket-endpoint set size:undefined disposed:false
68 silly fetch manifest @aws-sdk/region-config-resolver@3.968.0
69 silly packumentCache full:https://registry.npmjs.org/@aws-sdk%2fregion-config-resolver cache-miss
70 http fetch GET 200 https://registry.npmjs.org/@aws-sdk%2fmiddleware-location-constraint 95ms (cache miss)
71 silly packumentCache full:https://registry.npmjs.org/@aws-sdk%2fmiddleware-location-constraint set size:undefined disposed:false
72 silly fetch manifest @aws-sdk/signature-v4-multi-region@3.968.0
73 silly packumentCache full:https://registry.npmjs.org/@aws-sdk%2fsignature-v4-multi-region cache-miss
74 http fetch GET 200 https://registry.npmjs.org/@aws-sdk%2fmiddleware-recursion-detection 90ms (cache miss)
75 silly packumentCache full:https://registry.npmjs.org/@aws-sdk%2fmiddleware-recursion-detection set size:undefined disposed:false
76 silly fetch manifest @aws-sdk/types@3.968.0
77 silly packumentCache full:https://registry.npmjs.org/@aws-sdk%2ftypes cache-miss
78 http fetch GET 200 https://registry.npmjs.org/@aws-sdk%2fmiddleware-logger 102ms (cache miss)
79 silly packumentCache full:https://registry.npmjs.org/@aws-sdk%2fmiddleware-logger set size:undefined disposed:false
80 silly fetch manifest @aws-sdk/util-endpoints@3.968.0
81 silly packumentCache full:https://registry.npmjs.org/@aws-sdk%2futil-endpoints cache-miss
82 http fetch GET 200 https://registry.npmjs.org/@aws-sdk%2fmiddleware-ssec 114ms (cache miss)
83 silly packumentCache full:https://registry.npmjs.org/@aws-sdk%2fmiddleware-ssec set size:undefined disposed:false
84 silly fetch manifest @aws-sdk/util-user-agent-browser@3.968.0
85 silly packumentCache full:https://registry.npmjs.org/@aws-sdk%2futil-user-agent-browser cache-miss
86 http fetch GET 200 https://registry.npmjs.org/@aws-sdk%2fmiddleware-user-agent 103ms (cache miss)
87 silly packumentCache full:https://registry.npmjs.org/@aws-sdk%2fmiddleware-user-agent set size:undefined disposed:false
88 silly fetch manifest @aws-sdk/util-user-agent-node@3.968.0
89 silly packumentCache full:https://registry.npmjs.org/@aws-sdk%2futil-user-agent-node cache-miss
90 http fetch GET 200 https://registry.npmjs.org/@aws-sdk%2fmiddleware-sdk-s3 125ms (cache miss)
91 silly packumentCache full:https://registry.npmjs.org/@aws-sdk%2fmiddleware-sdk-s3 set size:undefined disposed:false
92 silly fetch manifest @smithy/config-resolver@^4.4.5
93 silly packumentCache full:https://registry.npmjs.org/@smithy%2fconfig-resolver cache-miss
94 http fetch GET 200 https://registry.npmjs.org/@aws-sdk%2ftypes 85ms (cache miss)
95 silly packumentCache full:https://registry.npmjs.org/@aws-sdk%2ftypes set size:undefined disposed:false
96 silly fetch manifest @smithy/core@^3.20.3
97 silly packumentCache full:https://registry.npmjs.org/@smithy%2fcore cache-miss
98 http fetch GET 200 https://registry.npmjs.org/@aws-sdk%2futil-endpoints 198ms (cache miss)
99 silly packumentCache full:https://registry.npmjs.org/@aws-sdk%2futil-endpoints set size:undefined disposed:false
100 silly fetch manifest @smithy/eventstream-serde-browser@^4.2.7
101 silly packumentCache full:https://registry.npmjs.org/@smithy%2feventstream-serde-browser cache-miss
102 http fetch GET 200 https://registry.npmjs.org/@smithy%2fconfig-resolver 167ms (cache miss)
103 silly packumentCache full:https://registry.npmjs.org/@smithy%2fconfig-resolver set size:undefined disposed:false
104 silly fetch manifest @smithy/eventstream-serde-config-resolver@^4.3.7
105 silly packumentCache full:https://registry.npmjs.org/@smithy%2feventstream-serde-config-resolver cache-miss
106 http fetch GET 200 https://registry.npmjs.org/@aws-sdk%2fregion-config-resolver 275ms (cache miss)
107 silly packumentCache full:https://registry.npmjs.org/@aws-sdk%2fregion-config-resolver set size:undefined disposed:false
108 silly fetch manifest @smithy/eventstream-serde-node@^4.2.7
109 silly packumentCache full:https://registry.npmjs.org/@smithy%2feventstream-serde-node cache-miss
110 http fetch GET 200 https://registry.npmjs.org/@aws-sdk%2futil-user-agent-browser 182ms (cache miss)
111 silly packumentCache full:https://registry.npmjs.org/@aws-sdk%2futil-user-agent-browser set size:undefined disposed:false
112 silly fetch manifest @smithy/fetch-http-handler@^5.3.8
113 silly packumentCache full:https://registry.npmjs.org/@smithy%2ffetch-http-handler cache-miss
114 http fetch GET 200 https://registry.npmjs.org/@smithy%2fcore 130ms (cache miss)
115 silly packumentCache full:https://registry.npmjs.org/@smithy%2fcore set size:undefined disposed:false
116 silly fetch manifest @smithy/hash-blob-browser@^4.2.8
117 silly packumentCache full:https://registry.npmjs.org/@smithy%2fhash-blob-browser cache-miss
118 http fetch GET 200 https://registry.npmjs.org/@aws-sdk%2fsignature-v4-multi-region 232ms (cache miss)
119 silly packumentCache full:https://registry.npmjs.org/@aws-sdk%2fsignature-v4-multi-region set size:undefined disposed:false
120 silly fetch manifest @smithy/hash-node@^4.2.7
121 silly packumentCache full:https://registry.npmjs.org/@smithy%2fhash-node cache-miss
122 http fetch GET 200 https://registry.npmjs.org/@aws-sdk%2futil-user-agent-node 190ms (cache miss)
123 silly packumentCache full:https://registry.npmjs.org/@aws-sdk%2futil-user-agent-node set size:undefined disposed:false
124 silly fetch manifest @smithy/hash-stream-node@^4.2.7
125 silly packumentCache full:https://registry.npmjs.org/@smithy%2fhash-stream-node cache-miss
126 http fetch GET 200 https://registry.npmjs.org/@smithy%2feventstream-serde-browser 89ms (cache miss)
127 silly packumentCache full:https://registry.npmjs.org/@smithy%2feventstream-serde-browser set size:undefined disposed:false
128 silly fetch manifest @smithy/invalid-dependency@^4.2.7
129 silly packumentCache full:https://registry.npmjs.org/@smithy%2finvalid-dependency cache-miss
130 http fetch GET 200 https://registry.npmjs.org/@smithy%2feventstream-serde-node 84ms (cache miss)
131 silly packumentCache full:https://registry.npmjs.org/@smithy%2feventstream-serde-node set size:undefined disposed:false
132 silly fetch manifest @smithy/md5-js@^4.2.7
133 silly packumentCache full:https://registry.npmjs.org/@smithy%2fmd5-js cache-miss
134 http fetch GET 200 https://registry.npmjs.org/@smithy%2feventstream-serde-config-resolver 89ms (cache miss)
135 silly packumentCache full:https://registry.npmjs.org/@smithy%2feventstream-serde-config-resolver set size:undefined disposed:false
136 silly fetch manifest @smithy/middleware-content-length@^4.2.7
137 silly packumentCache full:https://registry.npmjs.org/@smithy%2fmiddleware-content-length cache-miss
138 http fetch GET 200 https://registry.npmjs.org/@smithy%2fhash-node 76ms (cache miss)
139 silly packumentCache full:https://registry.npmjs.org/@smithy%2fhash-node set size:undefined disposed:false
140 silly fetch manifest @smithy/middleware-endpoint@^4.4.4
141 silly packumentCache full:https://registry.npmjs.org/@smithy%2fmiddleware-endpoint cache-miss
142 http fetch GET 200 https://registry.npmjs.org/@smithy%2ffetch-http-handler 90ms (cache miss)
143 silly packumentCache full:https://registry.npmjs.org/@smithy%2ffetch-http-handler set size:undefined disposed:false
144 silly fetch manifest @smithy/middleware-retry@^4.4.20
145 silly packumentCache full:https://registry.npmjs.org/@smithy%2fmiddleware-retry cache-miss
146 http fetch GET 200 https://registry.npmjs.org/@smithy%2fhash-blob-browser 90ms (cache miss)
147 silly packumentCache full:https://registry.npmjs.org/@smithy%2fhash-blob-browser set size:undefined disposed:false
148 silly fetch manifest @smithy/middleware-serde@^4.2.8
149 silly packumentCache full:https://registry.npmjs.org/@smithy%2fmiddleware-serde cache-miss
150 http fetch GET 200 https://registry.npmjs.org/@smithy%2fhash-stream-node 82ms (cache miss)
151 silly packumentCache full:https://registry.npmjs.org/@smithy%2fhash-stream-node set size:undefined disposed:false
152 silly fetch manifest @smithy/middleware-stack@^4.2.7
153 silly packumentCache full:https://registry.npmjs.org/@smithy%2fmiddleware-stack cache-miss
154 http fetch GET 200 https://registry.npmjs.org/@smithy%2fmd5-js 79ms (cache miss)
155 silly packumentCache full:https://registry.npmjs.org/@smithy%2fmd5-js set size:undefined disposed:false
156 silly fetch manifest @smithy/node-config-provider@^4.3.7
157 silly packumentCache full:https://registry.npmjs.org/@smithy%2fnode-config-provider cache-miss
158 http fetch GET 200 https://registry.npmjs.org/@smithy%2finvalid-dependency 85ms (cache miss)
159 silly packumentCache full:https://registry.npmjs.org/@smithy%2finvalid-dependency set size:undefined disposed:false
160 silly fetch manifest @smithy/node-http-handler@^4.4.7
161 silly packumentCache full:https://registry.npmjs.org/@smithy%2fnode-http-handler cache-miss
162 http fetch GET 200 https://registry.npmjs.org/@smithy%2fmiddleware-endpoint 78ms (cache miss)
163 silly packumentCache full:https://registry.npmjs.org/@smithy%2fmiddleware-endpoint set size:undefined disposed:false
164 silly fetch manifest @smithy/protocol-http@^5.3.7
165 silly packumentCache full:https://registry.npmjs.org/@smithy%2fprotocol-http cache-miss
166 http fetch GET 200 https://registry.npmjs.org/@smithy%2fmiddleware-serde 74ms (cache miss)
167 silly packumentCache full:https://registry.npmjs.org/@smithy%2fmiddleware-serde set size:undefined disposed:false
168 silly fetch manifest @smithy/smithy-client@^4.10.5
169 silly packumentCache full:https://registry.npmjs.org/@smithy%2fsmithy-client cache-miss
170 http fetch GET 200 https://registry.npmjs.org/@smithy%2fmiddleware-content-length 87ms (cache miss)
171 silly packumentCache full:https://registry.npmjs.org/@smithy%2fmiddleware-content-length set size:undefined disposed:false
172 silly fetch manifest @smithy/types@^4.11.0
173 silly packumentCache full:https://registry.npmjs.org/@smithy%2ftypes cache-miss
174 http fetch GET 200 https://registry.npmjs.org/@smithy%2fmiddleware-stack 91ms (cache miss)
175 silly packumentCache full:https://registry.npmjs.org/@smithy%2fmiddleware-stack set size:undefined disposed:false
176 silly fetch manifest @smithy/url-parser@^4.2.7
177 silly packumentCache full:https://registry.npmjs.org/@smithy%2furl-parser cache-miss
178 http fetch GET 200 https://registry.npmjs.org/@smithy%2fmiddleware-retry 100ms (cache miss)
179 silly packumentCache full:https://registry.npmjs.org/@smithy%2fmiddleware-retry set size:undefined disposed:false
180 silly fetch manifest @smithy/util-base64@^4.3.0
181 silly packumentCache full:https://registry.npmjs.org/@smithy%2futil-base64 cache-miss
182 http fetch GET 200 https://registry.npmjs.org/@smithy%2ftypes 80ms (cache miss)
183 silly packumentCache full:https://registry.npmjs.org/@smithy%2ftypes set size:undefined disposed:false
184 silly fetch manifest @smithy/util-body-length-browser@^4.2.0
185 silly packumentCache full:https://registry.npmjs.org/@smithy%2futil-body-length-browser cache-miss
186 http fetch GET 200 https://registry.npmjs.org/@smithy%2fnode-http-handler 93ms (cache miss)
187 silly packumentCache full:https://registry.npmjs.org/@smithy%2fnode-http-handler set size:undefined disposed:false
188 silly fetch manifest @smithy/util-body-length-node@^4.2.1
189 silly packumentCache full:https://registry.npmjs.org/@smithy%2futil-body-length-node cache-miss
190 http fetch GET 200 https://registry.npmjs.org/@smithy%2fnode-config-provider 97ms (cache miss)
191 silly packumentCache full:https://registry.npmjs.org/@smithy%2fnode-config-provider set size:undefined disposed:false
192 silly fetch manifest @smithy/util-defaults-mode-browser@^4.3.19
193 silly packumentCache full:https://registry.npmjs.org/@smithy%2futil-defaults-mode-browser cache-miss
194 http fetch GET 200 https://registry.npmjs.org/@smithy%2fprotocol-http 96ms (cache miss)
195 silly packumentCache full:https://registry.npmjs.org/@smithy%2fprotocol-http set size:undefined disposed:false
196 silly fetch manifest @smithy/util-defaults-mode-node@^4.2.22
197 silly packumentCache full:https://registry.npmjs.org/@smithy%2futil-defaults-mode-node cache-miss
198 http fetch GET 200 https://registry.npmjs.org/@smithy%2fsmithy-client 94ms (cache miss)
199 silly packumentCache full:https://registry.npmjs.org/@smithy%2fsmithy-client set size:undefined disposed:false
200 silly fetch manifest @smithy/util-endpoints@^3.2.7
201 silly packumentCache full:https://registry.npmjs.org/@smithy%2futil-endpoints cache-miss
202 http fetch GET 200 https://registry.npmjs.org/@smithy%2furl-parser 86ms (cache miss)
203 silly packumentCache full:https://registry.npmjs.org/@smithy%2furl-parser set size:undefined disposed:false
204 silly fetch manifest @smithy/util-middleware@^4.2.7
205 silly packumentCache full:https://registry.npmjs.org/@smithy%2futil-middleware cache-miss
206 http fetch GET 200 https://registry.npmjs.org/@smithy%2futil-base64 90ms (cache miss)
207 silly packumentCache full:https://registry.npmjs.org/@smithy%2futil-base64 set size:undefined disposed:false
208 silly fetch manifest @smithy/util-retry@^4.2.7
209 silly packumentCache full:https://registry.npmjs.org/@smithy%2futil-retry cache-miss
210 http fetch GET 200 https://registry.npmjs.org/@smithy%2futil-body-length-node 74ms (cache miss)
211 silly packumentCache full:https://registry.npmjs.org/@smithy%2futil-body-length-node set size:undefined disposed:false
212 silly fetch manifest @smithy/util-stream@^4.5.8
213 silly packumentCache full:https://registry.npmjs.org/@smithy%2futil-stream cache-miss
214 http fetch GET 200 https://registry.npmjs.org/@smithy%2futil-endpoints 82ms (cache miss)
215 silly packumentCache full:https://registry.npmjs.org/@smithy%2futil-endpoints set size:undefined disposed:false
216 silly fetch manifest @smithy/util-utf8@^4.2.0
217 silly packumentCache full:https://registry.npmjs.org/@smithy%2futil-utf8 cache-miss
218 http fetch GET 200 https://registry.npmjs.org/@smithy%2futil-defaults-mode-browser 88ms (cache miss)
219 silly packumentCache full:https://registry.npmjs.org/@smithy%2futil-defaults-mode-browser set size:undefined disposed:false
220 silly fetch manifest @smithy/util-waiter@^4.2.7
221 silly packumentCache full:https://registry.npmjs.org/@smithy%2futil-waiter cache-miss
222 http fetch GET 200 https://registry.npmjs.org/@smithy%2futil-defaults-mode-node 89ms (cache miss)
223 silly packumentCache full:https://registry.npmjs.org/@smithy%2futil-defaults-mode-node set size:undefined disposed:false
224 http fetch GET 200 https://registry.npmjs.org/@smithy%2futil-body-length-browser 113ms (cache miss)
225 silly packumentCache full:https://registry.npmjs.org/@smithy%2futil-body-length-browser set size:undefined disposed:false
226 http fetch GET 200 https://registry.npmjs.org/@smithy%2futil-middleware 93ms (cache miss)
227 silly packumentCache full:https://registry.npmjs.org/@smithy%2futil-middleware set size:undefined disposed:false
228 http fetch GET 200 https://registry.npmjs.org/@smithy%2futil-retry 90ms (cache miss)
229 silly packumentCache full:https://registry.npmjs.org/@smithy%2futil-retry set size:undefined disposed:false
230 http fetch GET 200 https://registry.npmjs.org/@smithy%2futil-utf8 152ms (cache miss)
231 silly packumentCache full:https://registry.npmjs.org/@smithy%2futil-utf8 set size:undefined disposed:false
232 http fetch GET 200 https://registry.npmjs.org/@smithy%2futil-waiter 151ms (cache miss)
233 silly packumentCache full:https://registry.npmjs.org/@smithy%2futil-waiter set size:undefined disposed:false
234 http fetch GET 200 https://registry.npmjs.org/@smithy%2futil-stream 171ms (cache miss)
235 silly packumentCache full:https://registry.npmjs.org/@smithy%2futil-stream set size:undefined disposed:false
236 silly fetch manifest aws-crt@>=1.0.0
237 silly packumentCache full:https://registry.npmjs.org/aws-crt cache-miss
238 http fetch GET 200 https://registry.npmjs.org/aws-crt 84ms (cache miss)
239 silly packumentCache full:https://registry.npmjs.org/aws-crt set size:undefined disposed:false
240 silly placeDep ROOT @aws-crypto/sha1-browser@5.2.0 OK for: @aws-sdk/client-s3@3.968.0 want: 5.2.0
241 silly placeDep ROOT @aws-crypto/sha256-browser@5.2.0 OK for: @aws-sdk/client-s3@3.968.0 want: 5.2.0
242 silly placeDep ROOT @aws-crypto/sha256-js@5.2.0 OK for: @aws-sdk/client-s3@3.968.0 want: 5.2.0
243 silly placeDep ROOT @aws-sdk/core@3.968.0 OK for: @aws-sdk/client-s3@3.968.0 want: 3.968.0
244 silly placeDep ROOT @aws-sdk/credential-provider-node@3.968.0 OK for: @aws-sdk/client-s3@3.968.0 want: 3.968.0
245 silly placeDep ROOT @aws-sdk/middleware-bucket-endpoint@3.968.0 OK for: @aws-sdk/client-s3@3.968.0 want: 3.968.0
246 silly placeDep ROOT @aws-sdk/middleware-expect-continue@3.968.0 OK for: @aws-sdk/client-s3@3.968.0 want: 3.968.0
247 silly placeDep ROOT @aws-sdk/middleware-flexible-checksums@3.968.0 OK for: @aws-sdk/client-s3@3.968.0 want: 3.968.0
248 silly placeDep ROOT @aws-sdk/middleware-host-header@3.968.0 OK for: @aws-sdk/client-s3@3.968.0 want: 3.968.0
249 silly placeDep ROOT @aws-sdk/middleware-location-constraint@3.968.0 OK for: @aws-sdk/client-s3@3.968.0 want: 3.968.0
250 silly placeDep ROOT @aws-sdk/middleware-logger@3.968.0 OK for: @aws-sdk/client-s3@3.968.0 want: 3.968.0
251 silly placeDep ROOT @aws-sdk/middleware-recursion-detection@3.968.0 OK for: @aws-sdk/client-s3@3.968.0 want: 3.968.0
252 silly placeDep ROOT @aws-sdk/middleware-sdk-s3@3.968.0 OK for: @aws-sdk/client-s3@3.968.0 want: 3.968.0
253 silly placeDep ROOT @aws-sdk/middleware-ssec@3.968.0 OK for: @aws-sdk/client-s3@3.968.0 want: 3.968.0
254 silly placeDep ROOT @aws-sdk/middleware-user-agent@3.968.0 OK for: @aws-sdk/client-s3@3.968.0 want: 3.968.0
255 silly placeDep ROOT @aws-sdk/region-config-resolver@3.968.0 OK for: @aws-sdk/client-s3@3.968.0 want: 3.968.0
256 silly placeDep ROOT @aws-sdk/signature-v4-multi-region@3.968.0 OK for: @aws-sdk/client-s3@3.968.0 want: 3.968.0
257 silly placeDep ROOT @aws-sdk/types@3.968.0 OK for: @aws-sdk/client-s3@3.968.0 want: 3.968.0
258 silly placeDep ROOT @aws-sdk/util-endpoints@3.968.0 OK for: @aws-sdk/client-s3@3.968.0 want: 3.968.0
259 silly placeDep ROOT @aws-sdk/util-user-agent-browser@3.968.0 OK for: @aws-sdk/client-s3@3.968.0 want: 3.968.0
260 silly placeDep ROOT @aws-sdk/util-user-agent-node@3.968.0 OK for: @aws-sdk/client-s3@3.968.0 want: 3.968.0
261 silly placeDep ROOT @smithy/config-resolver@4.4.6 OK for: @aws-sdk/client-s3@3.968.0 want: ^4.4.5
262 silly placeDep ROOT @smithy/core@3.20.5 OK for: @aws-sdk/client-s3@3.968.0 want: ^3.20.3
263 silly placeDep ROOT @smithy/eventstream-serde-browser@4.2.8 OK for: @aws-sdk/client-s3@3.968.0 want: ^4.2.7
264 silly placeDep ROOT @smithy/eventstream-serde-config-resolver@4.3.8 OK for: @aws-sdk/client-s3@3.968.0 want: ^4.3.7
265 silly placeDep ROOT @smithy/eventstream-serde-node@4.2.8 OK for: @aws-sdk/client-s3@3.968.0 want: ^4.2.7
266 silly placeDep ROOT @smithy/fetch-http-handler@5.3.9 OK for: @aws-sdk/client-s3@3.968.0 want: ^5.3.8
267 silly placeDep ROOT @smithy/hash-blob-browser@4.2.9 OK for: @aws-sdk/client-s3@3.968.0 want: ^4.2.8
268 silly placeDep ROOT @smithy/hash-node@4.2.8 OK for: @aws-sdk/client-s3@3.968.0 want: ^4.2.7
269 silly placeDep ROOT @smithy/hash-stream-node@4.2.8 OK for: @aws-sdk/client-s3@3.968.0 want: ^4.2.7
270 silly placeDep ROOT @smithy/invalid-dependency@4.2.8 OK for: @aws-sdk/client-s3@3.968.0 want: ^4.2.7
271 silly placeDep ROOT @smithy/md5-js@4.2.8 OK for: @aws-sdk/client-s3@3.968.0 want: ^4.2.7
272 silly placeDep ROOT @smithy/middleware-content-length@4.2.8 OK for: @aws-sdk/client-s3@3.968.0 want: ^4.2.7
273 silly placeDep ROOT @smithy/middleware-endpoint@4.4.6 OK for: @aws-sdk/client-s3@3.968.0 want: ^4.4.4
274 silly placeDep ROOT @smithy/middleware-retry@4.4.22 OK for: @aws-sdk/client-s3@3.968.0 want: ^4.4.20
275 silly placeDep ROOT @smithy/middleware-serde@4.2.9 OK for: @aws-sdk/client-s3@3.968.0 want: ^4.2.8
276 silly placeDep ROOT @smithy/middleware-stack@4.2.8 OK for: @aws-sdk/client-s3@3.968.0 want: ^4.2.7
277 silly placeDep ROOT @smithy/node-config-provider@4.3.8 OK for: @aws-sdk/client-s3@3.968.0 want: ^4.3.7
278 silly placeDep ROOT @smithy/node-http-handler@4.4.8 OK for: @aws-sdk/client-s3@3.968.0 want: ^4.4.7
279 silly placeDep ROOT @smithy/protocol-http@5.3.8 OK for: @aws-sdk/client-s3@3.968.0 want: ^5.3.7
280 silly placeDep ROOT @smithy/smithy-client@4.10.7 OK for: @aws-sdk/client-s3@3.968.0 want: ^4.10.5
281 silly placeDep ROOT @smithy/types@4.12.0 OK for: @aws-sdk/client-s3@3.968.0 want: ^4.11.0
282 silly placeDep ROOT @smithy/url-parser@4.2.8 OK for: @aws-sdk/client-s3@3.968.0 want: ^4.2.7
283 silly placeDep ROOT @smithy/util-base64@4.3.0 OK for: @aws-sdk/client-s3@3.968.0 want: ^4.3.0
284 silly placeDep ROOT @smithy/util-body-length-browser@4.2.0 OK for: @aws-sdk/client-s3@3.968.0 want: ^4.2.0
285 silly placeDep ROOT @smithy/util-body-length-node@4.2.1 OK for: @aws-sdk/client-s3@3.968.0 want: ^4.2.1
286 silly placeDep ROOT @smithy/util-defaults-mode-browser@4.3.21 OK for: @aws-sdk/client-s3@3.968.0 want: ^4.3.19
287 silly placeDep ROOT @smithy/util-defaults-mode-node@4.2.24 OK for: @aws-sdk/client-s3@3.968.0 want: ^4.2.22
288 silly placeDep ROOT @smithy/util-endpoints@3.2.8 OK for: @aws-sdk/client-s3@3.968.0 want: ^3.2.7
289 silly placeDep ROOT @smithy/util-middleware@4.2.8 OK for: @aws-sdk/client-s3@3.968.0 want: ^4.2.7
290 silly placeDep ROOT @smithy/util-retry@4.2.8 OK for: @aws-sdk/client-s3@3.968.0 want: ^4.2.7
291 silly placeDep ROOT @smithy/util-stream@4.5.10 OK for: @aws-sdk/client-s3@3.968.0 want: ^4.5.8
292 silly placeDep ROOT @smithy/util-utf8@4.2.0 OK for: @aws-sdk/client-s3@3.968.0 want: ^4.2.0
293 silly placeDep ROOT @smithy/util-waiter@4.2.8 OK for: @aws-sdk/client-s3@3.968.0 want: ^4.2.7
294 silly fetch manifest @aws-sdk/types@^3.222.0
295 silly packumentCache full:https://registry.npmjs.org/@aws-sdk%2ftypes cache-miss
296 silly fetch manifest @aws-crypto/util@^5.2.0
297 silly packumentCache full:https://registry.npmjs.org/@aws-crypto%2futil cache-miss
298 silly fetch manifest @smithy/util-utf8@^2.0.0
299 silly packumentCache full:https://registry.npmjs.org/@smithy%2futil-utf8 cache-miss
300 silly fetch manifest @aws-sdk/util-locate-window@^3.0.0
301 silly packumentCache full:https://registry.npmjs.org/@aws-sdk%2futil-locate-window cache-miss
302 silly fetch manifest @aws-crypto/supports-web-crypto@^5.2.0
303 silly packumentCache full:https://registry.npmjs.org/@aws-crypto%2fsupports-web-crypto cache-miss
304 silly fetch manifest @aws-sdk/types@^3.222.0
305 silly packumentCache full:https://registry.npmjs.org/@aws-sdk%2ftypes cache-miss
306 silly fetch manifest @aws-crypto/util@^5.2.0
307 silly packumentCache full:https://registry.npmjs.org/@aws-crypto%2futil cache-miss
308 http cache https://registry.npmjs.org/@aws-sdk%2ftypes 7ms (cache hit)
309 silly packumentCache full:https://registry.npmjs.org/@aws-sdk%2ftypes set size:493098 disposed:false
310 silly fetch manifest @smithy/util-utf8@^2.0.0
311 silly packumentCache full:https://registry.npmjs.org/@smithy%2futil-utf8 cache-miss
312 http cache https://registry.npmjs.org/@smithy%2futil-utf8 9ms (cache hit)
313 silly packumentCache full:https://registry.npmjs.org/@smithy%2futil-utf8 set size:44673 disposed:false
314 silly fetch manifest @aws-crypto/sha256-js@^5.2.0
315 silly packumentCache full:https://registry.npmjs.org/@aws-crypto%2fsha256-js cache-miss
316 http cache https://registry.npmjs.org/@aws-sdk%2ftypes 10ms (cache hit)
317 silly packumentCache full:https://registry.npmjs.org/@aws-sdk%2ftypes set size:493098 disposed:false
318 silly packumentCache full:https://registry.npmjs.org/@aws-sdk%2ftypes dispose
319 silly fetch manifest @aws-sdk/util-locate-window@^3.0.0
320 silly packumentCache full:https://registry.npmjs.org/@aws-sdk%2futil-locate-window cache-miss
321 http cache https://registry.npmjs.org/@smithy%2futil-utf8 4ms (cache hit)
322 silly packumentCache full:https://registry.npmjs.org/@smithy%2futil-utf8 set size:44673 disposed:false
323 silly packumentCache full:https://registry.npmjs.org/@smithy%2futil-utf8 dispose
324 silly fetch manifest @aws-crypto/supports-web-crypto@^5.2.0
325 silly packumentCache full:https://registry.npmjs.org/@aws-crypto%2fsupports-web-crypto cache-miss
326 http cache https://registry.npmjs.org/@aws-crypto%2fsha256-js 5ms (cache hit)
327 silly packumentCache full:https://registry.npmjs.org/@aws-crypto%2fsha256-js set size:54628 disposed:false
328 silly fetch manifest @aws-crypto/util@^5.2.0
329 silly packumentCache full:https://registry.npmjs.org/@aws-crypto%2futil cache-miss
330 http fetch GET 200 https://registry.npmjs.org/@aws-crypto%2futil 71ms (cache miss)
331 silly packumentCache full:https://registry.npmjs.org/@aws-crypto%2futil set size:undefined disposed:false
332 silly fetch manifest @aws-sdk/xml-builder@3.968.0
333 silly packumentCache full:https://registry.npmjs.org/@aws-sdk%2fxml-builder cache-miss
334 http fetch GET 200 https://registry.npmjs.org/@aws-crypto%2futil 77ms (cache miss)
335 silly packumentCache full:https://registry.npmjs.org/@aws-crypto%2futil set size:undefined disposed:false
336 silly fetch manifest @smithy/property-provider@^4.2.7
337 silly packumentCache full:https://registry.npmjs.org/@smithy%2fproperty-provider cache-miss
338 http fetch GET 200 https://registry.npmjs.org/@aws-crypto%2fsupports-web-crypto 84ms (cache miss)
339 silly packumentCache full:https://registry.npmjs.org/@aws-crypto%2fsupports-web-crypto set size:undefined disposed:false
340 silly fetch manifest @smithy/signature-v4@^5.3.7
341 silly packumentCache full:https://registry.npmjs.org/@smithy%2fsignature-v4 cache-miss
342 http fetch GET 200 https://registry.npmjs.org/@aws-sdk%2futil-locate-window 93ms (cache miss)
343 silly packumentCache full:https://registry.npmjs.org/@aws-sdk%2futil-locate-window set size:undefined disposed:false
344 silly fetch manifest @aws-sdk/credential-provider-env@3.968.0
345 silly packumentCache full:https://registry.npmjs.org/@aws-sdk%2fcredential-provider-env cache-miss
346 http fetch GET 200 https://registry.npmjs.org/@aws-crypto%2fsupports-web-crypto 82ms (cache miss)
347 silly packumentCache full:https://registry.npmjs.org/@aws-crypto%2fsupports-web-crypto set size:undefined disposed:false
348 silly fetch manifest @aws-sdk/credential-provider-http@3.968.0
349 silly packumentCache full:https://registry.npmjs.org/@aws-sdk%2fcredential-provider-http cache-miss
350 http fetch GET 200 https://registry.npmjs.org/@aws-sdk%2futil-locate-window 89ms (cache miss)
351 silly packumentCache full:https://registry.npmjs.org/@aws-sdk%2futil-locate-window set size:undefined disposed:false
352 silly fetch manifest @aws-sdk/credential-provider-ini@3.968.0
353 silly packumentCache full:https://registry.npmjs.org/@aws-sdk%2fcredential-provider-ini cache-miss
354 http fetch GET 200 https://registry.npmjs.org/@aws-crypto%2futil 88ms (cache miss)
355 silly packumentCache full:https://registry.npmjs.org/@aws-crypto%2futil set size:undefined disposed:false
356 silly fetch manifest @aws-sdk/credential-provider-process@3.968.0
357 silly packumentCache full:https://registry.npmjs.org/@aws-sdk%2fcredential-provider-process cache-miss
358 http fetch GET 200 https://registry.npmjs.org/@smithy%2fproperty-provider 75ms (cache miss)
359 silly packumentCache full:https://registry.npmjs.org/@smithy%2fproperty-provider set size:undefined disposed:false
360 silly fetch manifest @aws-sdk/credential-provider-sso@3.968.0
361 silly packumentCache full:https://registry.npmjs.org/@aws-sdk%2fcredential-provider-sso cache-miss
362 http fetch GET 200 https://registry.npmjs.org/@smithy%2fsignature-v4 85ms (cache miss)
363 silly packumentCache full:https://registry.npmjs.org/@smithy%2fsignature-v4 set size:undefined disposed:false
364 silly fetch manifest @aws-sdk/credential-provider-web-identity@3.968.0
365 silly packumentCache full:https://registry.npmjs.org/@aws-sdk%2fcredential-provider-web-identity cache-miss
366 http fetch GET 200 https://registry.npmjs.org/@aws-sdk%2fcredential-provider-http 85ms (cache miss)
367 silly packumentCache full:https://registry.npmjs.org/@aws-sdk%2fcredential-provider-http set size:undefined disposed:false
368 silly fetch manifest @smithy/credential-provider-imds@^4.2.7
369 silly packumentCache full:https://registry.npmjs.org/@smithy%2fcredential-provider-imds cache-miss
370 http fetch GET 200 https://registry.npmjs.org/@aws-sdk%2fxml-builder 118ms (cache miss)
371 silly packumentCache full:https://registry.npmjs.org/@aws-sdk%2fxml-builder set size:undefined disposed:false
372 silly fetch manifest @smithy/shared-ini-file-loader@^4.4.2
373 silly packumentCache full:https://registry.npmjs.org/@smithy%2fshared-ini-file-loader cache-miss
374 http fetch GET 200 https://registry.npmjs.org/@aws-sdk%2fcredential-provider-env 103ms (cache miss)
375 silly packumentCache full:https://registry.npmjs.org/@aws-sdk%2fcredential-provider-env set size:undefined disposed:false
376 silly fetch manifest @aws-sdk/util-arn-parser@3.968.0
377 silly packumentCache full:https://registry.npmjs.org/@aws-sdk%2futil-arn-parser cache-miss
378 http fetch GET 200 https://registry.npmjs.org/@aws-sdk%2fcredential-provider-process 104ms (cache miss)
379 silly packumentCache full:https://registry.npmjs.org/@aws-sdk%2fcredential-provider-process set size:undefined disposed:false
380 silly fetch manifest @smithy/util-config-provider@^4.2.0
381 silly packumentCache full:https://registry.npmjs.org/@smithy%2futil-config-provider cache-miss
382 http fetch GET 200 https://registry.npmjs.org/@aws-sdk%2fcredential-provider-ini 109ms (cache miss)
383 silly packumentCache full:https://registry.npmjs.org/@aws-sdk%2fcredential-provider-ini set size:undefined disposed:false
384 silly fetch manifest @aws-crypto/crc32@5.2.0
385 silly packumentCache full:https://registry.npmjs.org/@aws-crypto%2fcrc32 cache-miss
386 http fetch GET 200 https://registry.npmjs.org/@aws-sdk%2fcredential-provider-sso 100ms (cache miss)
387 silly packumentCache full:https://registry.npmjs.org/@aws-sdk%2fcredential-provider-sso set size:undefined disposed:false
388 silly fetch manifest @aws-crypto/crc32c@5.2.0
389 silly packumentCache full:https://registry.npmjs.org/@aws-crypto%2fcrc32c cache-miss
390 http fetch GET 200 https://registry.npmjs.org/@aws-sdk%2fcredential-provider-web-identity 94ms (cache miss)
391 silly packumentCache full:https://registry.npmjs.org/@aws-sdk%2fcredential-provider-web-identity set size:undefined disposed:false
392 silly fetch manifest @aws-crypto/util@5.2.0
393 silly packumentCache full:https://registry.npmjs.org/@aws-crypto%2futil cache-miss
394 http cache https://registry.npmjs.org/@aws-crypto%2futil 2ms (cache hit)
395 silly packumentCache full:https://registry.npmjs.org/@aws-crypto%2futil set size:30876 disposed:false
396 silly fetch manifest @aws-sdk/crc64-nvme@3.968.0
397 silly packumentCache full:https://registry.npmjs.org/@aws-sdk%2fcrc64-nvme cache-miss
398 http fetch GET 200 https://registry.npmjs.org/@smithy%2fcredential-provider-imds 87ms (cache miss)
399 silly packumentCache full:https://registry.npmjs.org/@smithy%2fcredential-provider-imds set size:undefined disposed:false
400 silly fetch manifest @smithy/is-array-buffer@^4.2.0
401 silly packumentCache full:https://registry.npmjs.org/@smithy%2fis-array-buffer cache-miss
402 http fetch GET 200 https://registry.npmjs.org/@smithy%2fshared-ini-file-loader 89ms (cache miss)
403 silly packumentCache full:https://registry.npmjs.org/@smithy%2fshared-ini-file-loader set size:undefined disposed:false
404 silly fetch manifest @aws/lambda-invoke-store@^0.2.2
405 silly packumentCache full:https://registry.npmjs.org/@aws%2flambda-invoke-store cache-miss
406 http fetch GET 200 https://registry.npmjs.org/@aws-sdk%2futil-arn-parser 91ms (cache miss)
407 silly packumentCache full:https://registry.npmjs.org/@aws-sdk%2futil-arn-parser set size:undefined disposed:false
408 silly fetch manifest @smithy/util-config-provider@^4.2.0
409 silly packumentCache full:https://registry.npmjs.org/@smithy%2futil-config-provider cache-miss
410 http fetch GET 200 https://registry.npmjs.org/@smithy%2futil-config-provider 85ms (cache miss)
411 silly packumentCache full:https://registry.npmjs.org/@smithy%2futil-config-provider set size:undefined disposed:false
412 silly fetch manifest bowser@^2.11.0
413 silly packumentCache full:https://registry.npmjs.org/bowser cache-miss
414 http fetch GET 200 https://registry.npmjs.org/@smithy%2futil-config-provider 100ms (cache miss)
415 silly packumentCache full:https://registry.npmjs.org/@smithy%2futil-config-provider set size:undefined disposed:false
416 silly fetch manifest @smithy/node-config-provider@^4.3.8
417 silly packumentCache full:https://registry.npmjs.org/@smithy%2fnode-config-provider cache-miss
418 http fetch GET 200 https://registry.npmjs.org/@smithy%2fis-array-buffer 121ms (cache miss)
419 silly packumentCache full:https://registry.npmjs.org/@smithy%2fis-array-buffer set size:undefined disposed:false
420 silly fetch manifest @smithy/types@^4.12.0
421 silly packumentCache full:https://registry.npmjs.org/@smithy%2ftypes cache-miss
422 http fetch GET 200 https://registry.npmjs.org/@aws-crypto%2fcrc32c 137ms (cache miss)
423 silly packumentCache full:https://registry.npmjs.org/@aws-crypto%2fcrc32c set size:undefined disposed:false
424 silly fetch manifest @smithy/util-endpoints@^3.2.8
425 silly packumentCache full:https://registry.npmjs.org/@smithy%2futil-endpoints cache-miss
426 http fetch GET 200 https://registry.npmjs.org/@aws-sdk%2fcrc64-nvme 125ms (cache miss)
427 silly packumentCache full:https://registry.npmjs.org/@aws-sdk%2fcrc64-nvme set size:undefined disposed:false
428 silly fetch manifest @smithy/util-middleware@^4.2.8
429 silly packumentCache full:https://registry.npmjs.org/@smithy%2futil-middleware cache-miss
430 http fetch GET 200 https://registry.npmjs.org/@aws%2flambda-invoke-store 114ms (cache miss)
431 silly packumentCache full:https://registry.npmjs.org/@aws%2flambda-invoke-store set size:undefined disposed:false
432 silly fetch manifest @smithy/middleware-serde@^4.2.9
433 silly packumentCache full:https://registry.npmjs.org/@smithy%2fmiddleware-serde cache-miss
434 http fetch GET 200 https://registry.npmjs.org/@aws-crypto%2fcrc32 181ms (cache miss)
435 silly packumentCache full:https://registry.npmjs.org/@aws-crypto%2fcrc32 set size:undefined disposed:false
436 silly fetch manifest @smithy/protocol-http@^5.3.8
437 silly packumentCache full:https://registry.npmjs.org/@smithy%2fprotocol-http cache-miss
438 http cache https://registry.npmjs.org/@smithy%2ftypes 4ms (cache hit)
439 silly packumentCache full:https://registry.npmjs.org/@smithy%2ftypes set size:173291 disposed:false
440 silly fetch manifest @smithy/util-middleware@^4.2.8
441 silly packumentCache full:https://registry.npmjs.org/@smithy%2futil-middleware cache-miss
442 http cache https://registry.npmjs.org/@smithy%2fnode-config-provider 7ms (cache hit)
443 silly packumentCache full:https://registry.npmjs.org/@smithy%2fnode-config-provider set size:212924 disposed:false
444 silly fetch manifest @smithy/util-stream@^4.5.10
445 silly packumentCache full:https://registry.npmjs.org/@smithy%2futil-stream cache-miss
446 http cache https://registry.npmjs.org/@smithy%2futil-endpoints 6ms (cache hit)
447 silly packumentCache full:https://registry.npmjs.org/@smithy%2futil-endpoints set size:147751 disposed:false
448 silly fetch manifest @smithy/uuid@^1.1.0
449 silly packumentCache full:https://registry.npmjs.org/@smithy%2fuuid cache-miss
450 http cache https://registry.npmjs.org/@smithy%2futil-middleware 8ms (cache hit)
451 silly packumentCache full:https://registry.npmjs.org/@smithy%2futil-middleware set size:141734 disposed:false
452 silly fetch manifest @smithy/eventstream-serde-universal@^4.2.8
453 silly packumentCache full:https://registry.npmjs.org/@smithy%2feventstream-serde-universal cache-miss
454 http cache https://registry.npmjs.org/@smithy%2fmiddleware-serde 8ms (cache hit)
455 silly packumentCache full:https://registry.npmjs.org/@smithy%2fmiddleware-serde set size:199256 disposed:false
456 silly fetch manifest @smithy/eventstream-serde-universal@^4.2.8
457 silly packumentCache full:https://registry.npmjs.org/@smithy%2feventstream-serde-universal cache-miss
458 http cache https://registry.npmjs.org/@smithy%2fprotocol-http 9ms (cache hit)
459 silly packumentCache full:https://registry.npmjs.org/@smithy%2fprotocol-http set size:182981 disposed:false
460 silly fetch manifest @smithy/querystring-builder@^4.2.8
461 silly packumentCache full:https://registry.npmjs.org/@smithy%2fquerystring-builder cache-miss
462 http cache https://registry.npmjs.org/@smithy%2futil-middleware 9ms (cache hit)
463 silly packumentCache full:https://registry.npmjs.org/@smithy%2futil-middleware set size:141734 disposed:false
464 silly packumentCache full:https://registry.npmjs.org/@smithy%2futil-middleware dispose
465 silly fetch manifest @smithy/chunked-blob-reader@^5.2.0
466 silly packumentCache full:https://registry.npmjs.org/@smithy%2fchunked-blob-reader cache-miss
467 http cache https://registry.npmjs.org/@smithy%2futil-stream 8ms (cache hit)
468 silly packumentCache full:https://registry.npmjs.org/@smithy%2futil-stream set size:389880 disposed:false
469 silly fetch manifest @smithy/chunked-blob-reader-native@^4.2.1
470 silly packumentCache full:https://registry.npmjs.org/@smithy%2fchunked-blob-reader-native cache-miss
471 http fetch GET 200 https://registry.npmjs.org/bowser 170ms (cache miss)
472 silly packumentCache full:https://registry.npmjs.org/bowser set size:undefined disposed:false
473 silly fetch manifest @smithy/util-buffer-from@^4.2.0
474 silly packumentCache full:https://registry.npmjs.org/@smithy%2futil-buffer-from cache-miss
475 http fetch GET 200 https://registry.npmjs.org/@smithy%2feventstream-serde-universal 78ms (cache miss)
476 silly packumentCache full:https://registry.npmjs.org/@smithy%2feventstream-serde-universal set size:undefined disposed:false
477 silly fetch manifest @smithy/shared-ini-file-loader@^4.4.3
478 silly packumentCache full:https://registry.npmjs.org/@smithy%2fshared-ini-file-loader cache-miss
479 http cache https://registry.npmjs.org/@smithy%2fshared-ini-file-loader 2ms (cache hit)
480 silly packumentCache full:https://registry.npmjs.org/@smithy%2fshared-ini-file-loader set size:225366 disposed:false
481 silly fetch manifest @smithy/url-parser@^4.2.8
482 silly packumentCache full:https://registry.npmjs.org/@smithy%2furl-parser cache-miss
483 http cache https://registry.npmjs.org/@smithy%2furl-parser 2ms (cache hit)
484 silly packumentCache full:https://registry.npmjs.org/@smithy%2furl-parser set size:171322 disposed:false
485 silly fetch manifest @smithy/service-error-classification@^4.2.8
486 silly packumentCache full:https://registry.npmjs.org/@smithy%2fservice-error-classification cache-miss
487 http fetch GET 200 https://registry.npmjs.org/@smithy%2fquerystring-builder 84ms (cache miss)
488 silly packumentCache full:https://registry.npmjs.org/@smithy%2fquerystring-builder set size:undefined disposed:false
489 silly fetch manifest @smithy/smithy-client@^4.10.7
490 silly packumentCache full:https://registry.npmjs.org/@smithy%2fsmithy-client cache-miss
491 http cache https://registry.npmjs.org/@smithy%2fsmithy-client 1ms (cache hit)
492 silly packumentCache full:https://registry.npmjs.org/@smithy%2fsmithy-client set size:450929 disposed:false
493 silly fetch manifest @smithy/util-retry@^4.2.8
494 silly packumentCache full:https://registry.npmjs.org/@smithy%2futil-retry cache-miss
495 http cache https://registry.npmjs.org/@smithy%2futil-retry 2ms (cache hit)
496 silly packumentCache full:https://registry.npmjs.org/@smithy%2futil-retry set size:162465 disposed:false
497 silly fetch manifest @smithy/uuid@^1.1.0
498 silly packumentCache full:https://registry.npmjs.org/@smithy%2fuuid cache-miss
499 http fetch GET 200 https://registry.npmjs.org/@smithy%2fchunked-blob-reader-native 88ms (cache miss)
500 silly packumentCache full:https://registry.npmjs.org/@smithy%2fchunked-blob-reader-native set size:undefined disposed:false
501 silly fetch manifest @smithy/property-provider@^4.2.8
502 silly packumentCache full:https://registry.npmjs.org/@smithy%2fproperty-provider cache-miss
503 http fetch GET 200 https://registry.npmjs.org/@smithy%2fuuid 99ms (cache miss)
504 silly packumentCache full:https://registry.npmjs.org/@smithy%2fuuid set size:undefined disposed:false
505 silly fetch manifest @smithy/abort-controller@^4.2.8
506 silly packumentCache full:https://registry.npmjs.org/@smithy%2fabort-controller cache-miss
507 http fetch GET 200 https://registry.npmjs.org/@smithy%2feventstream-serde-universal 97ms (cache miss)
508 silly packumentCache full:https://registry.npmjs.org/@smithy%2feventstream-serde-universal set size:undefined disposed:false
509 silly fetch manifest @smithy/querystring-parser@^4.2.8
510 silly packumentCache full:https://registry.npmjs.org/@smithy%2fquerystring-parser cache-miss
511 http cache https://registry.npmjs.org/@smithy%2fproperty-provider 3ms (cache hit)
512 silly packumentCache full:https://registry.npmjs.org/@smithy%2fproperty-provider set size:179777 disposed:false
513 silly fetch manifest @smithy/util-buffer-from@^4.2.0
514 silly packumentCache full:https://registry.npmjs.org/@smithy%2futil-buffer-from cache-miss
515 http fetch GET 200 https://registry.npmjs.org/@smithy%2fchunked-blob-reader 120ms (cache miss)
516 silly packumentCache full:https://registry.npmjs.org/@smithy%2fchunked-blob-reader set size:undefined disposed:false
517 silly fetch manifest @smithy/credential-provider-imds@^4.2.8
518 silly packumentCache full:https://registry.npmjs.org/@smithy%2fcredential-provider-imds cache-miss
519 http cache https://registry.npmjs.org/@smithy%2fcredential-provider-imds 2ms (cache hit)
520 silly packumentCache full:https://registry.npmjs.org/@smithy%2fcredential-provider-imds set size:229122 disposed:false
521 silly fetch manifest @smithy/service-error-classification@^4.2.8
522 silly packumentCache full:https://registry.npmjs.org/@smithy%2fservice-error-classification cache-miss
523 http fetch GET 200 https://registry.npmjs.org/@smithy%2futil-buffer-from 88ms (cache miss)
524 silly packumentCache full:https://registry.npmjs.org/@smithy%2futil-buffer-from set size:undefined disposed:false
525 silly fetch manifest @smithy/util-hex-encoding@^4.2.0
526 silly packumentCache full:https://registry.npmjs.org/@smithy%2futil-hex-encoding cache-miss
527 http fetch GET 200 https://registry.npmjs.org/@smithy%2fservice-error-classification 78ms (cache miss)
528 silly packumentCache full:https://registry.npmjs.org/@smithy%2fservice-error-classification set size:undefined disposed:false
529 silly fetch manifest @smithy/abort-controller@^4.2.8
530 silly packumentCache full:https://registry.npmjs.org/@smithy%2fabort-controller cache-miss
531 http fetch GET 200 https://registry.npmjs.org/@smithy%2fuuid 81ms (cache miss)
532 silly packumentCache full:https://registry.npmjs.org/@smithy%2fuuid set size:undefined disposed:false
533 http fetch GET 200 https://registry.npmjs.org/@smithy%2futil-buffer-from 78ms (cache miss)
534 silly packumentCache full:https://registry.npmjs.org/@smithy%2futil-buffer-from set size:undefined disposed:false
535 http fetch GET 200 https://registry.npmjs.org/@smithy%2fquerystring-parser 85ms (cache miss)
536 silly packumentCache full:https://registry.npmjs.org/@smithy%2fquerystring-parser set size:undefined disposed:false
537 http fetch GET 200 https://registry.npmjs.org/@smithy%2fservice-error-classification 80ms (cache miss)
538 silly packumentCache full:https://registry.npmjs.org/@smithy%2fservice-error-classification set size:undefined disposed:false
539 http fetch GET 200 https://registry.npmjs.org/@smithy%2futil-hex-encoding 82ms (cache miss)
540 silly packumentCache full:https://registry.npmjs.org/@smithy%2futil-hex-encoding set size:undefined disposed:false
541 http fetch GET 200 https://registry.npmjs.org/@smithy%2fabort-controller 242ms (cache miss)
542 silly packumentCache full:https://registry.npmjs.org/@smithy%2fabort-controller set size:undefined disposed:false
543 http fetch GET 200 https://registry.npmjs.org/@smithy%2fabort-controller 229ms (cache miss)
544 silly packumentCache full:https://registry.npmjs.org/@smithy%2fabort-controller set size:undefined disposed:false
545 silly placeDep ROOT @aws-crypto/supports-web-crypto@5.2.0 OK for: @aws-crypto/sha1-browser@5.2.0 want: ^5.2.0
546 silly placeDep ROOT @aws-crypto/util@5.2.0 OK for: @aws-crypto/sha1-browser@5.2.0 want: ^5.2.0
547 silly placeDep ROOT @aws-sdk/util-locate-window@3.965.2 OK for: @aws-crypto/sha1-browser@5.2.0 want: ^3.0.0
548 silly placeDep node_modules/@aws-crypto/sha1-browser @smithy/util-utf8@2.3.0 OK for: @aws-crypto/sha1-browser@5.2.0 want: ^2.0.0
549 silly fetch manifest @smithy/util-buffer-from@^2.2.0
550 silly packumentCache full:https://registry.npmjs.org/@smithy%2futil-buffer-from cache-miss
551 http cache https://registry.npmjs.org/@smithy%2futil-buffer-from 2ms (cache hit)
552 silly packumentCache full:https://registry.npmjs.org/@smithy%2futil-buffer-from set size:37874 disposed:false
553 silly placeDep node_modules/@aws-crypto/sha256-browser @smithy/util-utf8@2.3.0 OK for: @aws-crypto/sha256-browser@5.2.0 want: ^2.0.0
554 silly placeDep node_modules/@aws-crypto/util @smithy/util-utf8@2.3.0 OK for: @aws-crypto/util@5.2.0 want: ^2.0.0
555 silly placeDep ROOT @aws-sdk/xml-builder@3.968.0 OK for: @aws-sdk/core@3.968.0 want: 3.968.0
556 silly placeDep ROOT @smithy/property-provider@4.2.8 OK for: @aws-sdk/core@3.968.0 want: ^4.2.7
557 silly placeDep ROOT @smithy/signature-v4@5.3.8 OK for: @aws-sdk/core@3.968.0 want: ^5.3.7
558 silly fetch manifest fast-xml-parser@5.2.5
559 silly packumentCache full:https://registry.npmjs.org/fast-xml-parser cache-miss
560 silly fetch manifest @smithy/util-uri-escape@^4.2.0
561 silly packumentCache full:https://registry.npmjs.org/@smithy%2futil-uri-escape cache-miss
562 http fetch GET 200 https://registry.npmjs.org/@smithy%2futil-uri-escape 104ms (cache miss)
563 silly packumentCache full:https://registry.npmjs.org/@smithy%2futil-uri-escape set size:undefined disposed:false
564 http fetch GET 200 https://registry.npmjs.org/fast-xml-parser 106ms (cache miss)
565 silly packumentCache full:https://registry.npmjs.org/fast-xml-parser set size:undefined disposed:false
566 silly placeDep ROOT @aws-sdk/credential-provider-env@3.968.0 OK for: @aws-sdk/credential-provider-node@3.968.0 want: 3.968.0
567 silly placeDep ROOT @aws-sdk/credential-provider-http@3.968.0 OK for: @aws-sdk/credential-provider-node@3.968.0 want: 3.968.0
568 silly placeDep ROOT @aws-sdk/credential-provider-ini@3.968.0 OK for: @aws-sdk/credential-provider-node@3.968.0 want: 3.968.0
569 silly placeDep ROOT @aws-sdk/credential-provider-process@3.968.0 OK for: @aws-sdk/credential-provider-node@3.968.0 want: 3.968.0
570 silly placeDep ROOT @aws-sdk/credential-provider-sso@3.968.0 OK for: @aws-sdk/credential-provider-node@3.968.0 want: 3.968.0
571 silly placeDep ROOT @aws-sdk/credential-provider-web-identity@3.968.0 OK for: @aws-sdk/credential-provider-node@3.968.0 want: 3.968.0
572 silly placeDep ROOT @smithy/credential-provider-imds@4.2.8 OK for: @aws-sdk/credential-provider-node@3.968.0 want: ^4.2.7
573 silly placeDep ROOT @smithy/shared-ini-file-loader@4.4.3 OK for: @aws-sdk/credential-provider-node@3.968.0 want: ^4.4.2
574 silly fetch manifest @aws-sdk/credential-provider-login@3.968.0
575 silly packumentCache full:https://registry.npmjs.org/@aws-sdk%2fcredential-provider-login cache-miss
576 silly fetch manifest @aws-sdk/nested-clients@3.968.0
577 silly packumentCache full:https://registry.npmjs.org/@aws-sdk%2fnested-clients cache-miss
578 silly fetch manifest @aws-sdk/client-sso@3.968.0
579 silly packumentCache full:https://registry.npmjs.org/@aws-sdk%2fclient-sso cache-miss
580 silly fetch manifest @aws-sdk/token-providers@3.968.0
581 silly packumentCache full:https://registry.npmjs.org/@aws-sdk%2ftoken-providers cache-miss
582 silly fetch manifest @aws-sdk/nested-clients@3.968.0
583 silly packumentCache full:https://registry.npmjs.org/@aws-sdk%2fnested-clients cache-miss
584 http fetch GET 200 https://registry.npmjs.org/@aws-sdk%2fnested-clients 82ms (cache miss)
585 silly packumentCache full:https://registry.npmjs.org/@aws-sdk%2fnested-clients set size:undefined disposed:false
586 http fetch GET 200 https://registry.npmjs.org/@aws-sdk%2fcredential-provider-login 92ms (cache miss)
587 silly packumentCache full:https://registry.npmjs.org/@aws-sdk%2fcredential-provider-login set size:undefined disposed:false
588 http fetch GET 200 https://registry.npmjs.org/@aws-sdk%2fnested-clients 92ms (cache miss)
589 silly packumentCache full:https://registry.npmjs.org/@aws-sdk%2fnested-clients set size:undefined disposed:false
590 http fetch GET 200 https://registry.npmjs.org/@aws-sdk%2ftoken-providers 105ms (cache miss)
591 silly packumentCache full:https://registry.npmjs.org/@aws-sdk%2ftoken-providers set size:undefined disposed:false
592 http fetch GET 200 https://registry.npmjs.org/@aws-sdk%2fclient-sso 121ms (cache miss)
593 silly packumentCache full:https://registry.npmjs.org/@aws-sdk%2fclient-sso set size:undefined disposed:false
594 silly placeDep ROOT @aws-sdk/credential-provider-login@3.968.0 OK for: @aws-sdk/credential-provider-ini@3.968.0 want: 3.968.0
595 silly placeDep ROOT @aws-sdk/nested-clients@3.968.0 OK for: @aws-sdk/credential-provider-ini@3.968.0 want: 3.968.0
596 silly placeDep ROOT @aws-sdk/client-sso@3.968.0 OK for: @aws-sdk/credential-provider-sso@3.968.0 want: 3.968.0
597 silly placeDep ROOT @aws-sdk/token-providers@3.968.0 OK for: @aws-sdk/credential-provider-sso@3.968.0 want: 3.968.0
598 silly placeDep ROOT @aws-sdk/util-arn-parser@3.968.0 OK for: @aws-sdk/middleware-bucket-endpoint@3.968.0 want: 3.968.0
599 silly placeDep ROOT @smithy/util-config-provider@4.2.0 OK for: @aws-sdk/middleware-bucket-endpoint@3.968.0 want: ^4.2.0
600 silly placeDep ROOT @aws-crypto/crc32@5.2.0 OK for: @aws-sdk/middleware-flexible-checksums@3.968.0 want: 5.2.0
601 silly placeDep ROOT @aws-crypto/crc32c@5.2.0 OK for: @aws-sdk/middleware-flexible-checksums@3.968.0 want: 5.2.0
602 silly placeDep ROOT @aws-sdk/crc64-nvme@3.968.0 OK for: @aws-sdk/middleware-flexible-checksums@3.968.0 want: 3.968.0
603 silly placeDep ROOT @smithy/is-array-buffer@4.2.0 OK for: @aws-sdk/middleware-flexible-checksums@3.968.0 want: ^4.2.0
604 silly placeDep ROOT @aws/lambda-invoke-store@0.2.3 OK for: @aws-sdk/middleware-recursion-detection@3.968.0 want: ^0.2.2
605 silly placeDep ROOT bowser@2.13.1 OK for: @aws-sdk/util-user-agent-browser@3.968.0 want: ^2.11.0
606 silly placeDep ROOT fast-xml-parser@5.2.5 OK for: @aws-sdk/xml-builder@3.968.0 want: 5.2.5
607 silly fetch manifest strnum@^2.1.0
608 silly packumentCache full:https://registry.npmjs.org/strnum cache-miss
609 http fetch GET 200 https://registry.npmjs.org/strnum 66ms (cache miss)
610 silly packumentCache full:https://registry.npmjs.org/strnum set size:undefined disposed:false
611 silly placeDep ROOT @smithy/uuid@1.1.0 OK for: @smithy/core@3.20.5 want: ^1.1.0
612 silly placeDep ROOT @smithy/eventstream-serde-universal@4.2.8 OK for: @smithy/eventstream-serde-browser@4.2.8 want: ^4.2.8
613 silly fetch manifest @smithy/eventstream-codec@^4.2.8
614 silly packumentCache full:https://registry.npmjs.org/@smithy%2feventstream-codec cache-miss
615 http fetch GET 200 https://registry.npmjs.org/@smithy%2feventstream-codec 91ms (cache miss)
616 silly packumentCache full:https://registry.npmjs.org/@smithy%2feventstream-codec set size:undefined disposed:false
617 silly placeDep ROOT @smithy/eventstream-codec@4.2.8 OK for: @smithy/eventstream-serde-universal@4.2.8 want: ^4.2.8
618 silly placeDep ROOT @smithy/util-hex-encoding@4.2.0 OK for: @smithy/eventstream-codec@4.2.8 want: ^4.2.0
619 silly placeDep ROOT @smithy/querystring-builder@4.2.8 OK for: @smithy/fetch-http-handler@5.3.9 want: ^4.2.8
620 silly placeDep ROOT @smithy/chunked-blob-reader@5.2.0 OK for: @smithy/hash-blob-browser@4.2.9 want: ^5.2.0
621 silly placeDep ROOT @smithy/chunked-blob-reader-native@4.2.1 OK for: @smithy/hash-blob-browser@4.2.9 want: ^4.2.1
622 silly placeDep ROOT @smithy/util-buffer-from@4.2.0 OK for: @smithy/hash-node@4.2.8 want: ^4.2.0
623 silly placeDep ROOT @smithy/service-error-classification@4.2.8 OK for: @smithy/middleware-retry@4.4.22 want: ^4.2.8
624 silly placeDep ROOT @smithy/abort-controller@4.2.8 OK for: @smithy/node-http-handler@4.4.8 want: ^4.2.8
625 silly placeDep ROOT @smithy/util-uri-escape@4.2.0 OK for: @smithy/querystring-builder@4.2.8 want: ^4.2.0
626 silly placeDep ROOT @smithy/querystring-parser@4.2.8 OK for: @smithy/url-parser@4.2.8 want: ^4.2.8
627 silly placeDep ROOT strnum@2.1.2 OK for: fast-xml-parser@5.2.5 want: ^2.1.0
628 silly placeDep node_modules/@aws-crypto/sha1-browser @smithy/util-buffer-from@2.2.0 OK for: @smithy/util-utf8@2.3.0 want: ^2.2.0
629 silly fetch manifest @smithy/is-array-buffer@^2.2.0
630 silly packumentCache full:https://registry.npmjs.org/@smithy%2fis-array-buffer cache-miss
631 http cache https://registry.npmjs.org/@smithy%2fis-array-buffer 2ms (cache hit)
632 silly packumentCache full:https://registry.npmjs.org/@smithy%2fis-array-buffer set size:34586 disposed:false
633 silly placeDep node_modules/@aws-crypto/sha1-browser @smithy/is-array-buffer@2.2.0 OK for: @smithy/util-buffer-from@2.2.0 want: ^2.2.0
634 silly placeDep node_modules/@aws-crypto/sha256-browser @smithy/util-buffer-from@2.2.0 OK for: @smithy/util-utf8@2.3.0 want: ^2.2.0
635 silly placeDep node_modules/@aws-crypto/sha256-browser @smithy/is-array-buffer@2.2.0 OK for: @smithy/util-buffer-from@2.2.0 want: ^2.2.0
636 silly placeDep node_modules/@aws-crypto/util @smithy/util-buffer-from@2.2.0 OK for: @smithy/util-utf8@2.3.0 want: ^2.2.0
637 silly placeDep node_modules/@aws-crypto/util @smithy/is-array-buffer@2.2.0 OK for: @smithy/util-buffer-from@2.2.0 want: ^2.2.0
638 silly fetch manifest @swc/helpers@>=0.5.17
639 silly packumentCache full:https://registry.npmjs.org/@swc%2fhelpers cache-miss
640 http fetch GET 200 https://registry.npmjs.org/@swc%2fhelpers 76ms (cache revalidated)
641 silly packumentCache full:https://registry.npmjs.org/@swc%2fhelpers set size:655395 disposed:false
642 silly placeDep node_modules/next-intl @swc/helpers@0.5.18 OK for: @swc/core@1.15.8 want: >=0.5.17
643 silly reify moves {}
644 silly audit bulk request {
644 silly audit   '@alloc/quick-lru': [ '5.2.0' ],
644 silly audit   '@babel/code-frame': [ '7.28.6' ],
644 silly audit   '@babel/compat-data': [ '7.28.6' ],
644 silly audit   '@babel/core': [ '7.28.6' ],
644 silly audit   '@babel/generator': [ '7.28.6' ],
644 silly audit   '@babel/helper-compilation-targets': [ '7.28.6' ],
644 silly audit   '@babel/helper-globals': [ '7.28.0' ],
644 silly audit   '@babel/helper-module-imports': [ '7.28.6' ],
644 silly audit   '@babel/helper-module-transforms': [ '7.28.6' ],
644 silly audit   '@babel/helper-string-parser': [ '7.27.1' ],
644 silly audit   '@babel/helper-validator-identifier': [ '7.28.5' ],
644 silly audit   '@babel/helper-validator-option': [ '7.27.1' ],
644 silly audit   '@babel/helpers': [ '7.28.6' ],
644 silly audit   '@babel/parser': [ '7.28.6' ],
644 silly audit   '@babel/template': [ '7.28.6' ],
644 silly audit   '@babel/traverse': [ '7.28.6' ],
644 silly audit   '@babel/types': [ '7.28.6' ],
644 silly audit   '@emnapi/core': [ '1.8.1' ],
644 silly audit   '@emnapi/runtime': [ '1.8.1' ],
644 silly audit   '@emnapi/wasi-threads': [ '1.1.0' ],
644 silly audit   '@eslint-community/eslint-utils': [ '4.9.1' ],
644 silly audit   'eslint-visitor-keys': [ '3.4.3', '4.2.1' ],
644 silly audit   '@eslint-community/regexpp': [ '4.12.2' ],
644 silly audit   '@eslint/config-array': [ '0.21.1' ],
644 silly audit   '@eslint/config-helpers': [ '0.4.2' ],
644 silly audit   '@eslint/core': [ '0.17.0' ],
644 silly audit   '@eslint/eslintrc': [ '3.3.3' ],
644 silly audit   '@eslint/js': [ '9.39.2' ],
644 silly audit   '@eslint/object-schema': [ '2.1.7' ],
644 silly audit   '@eslint/plugin-kit': [ '0.4.1' ],
644 silly audit   '@formatjs/ecma402-abstract': [ '2.3.6' ],
644 silly audit   '@formatjs/intl-localematcher': [ '0.6.2', '0.5.10' ],
644 silly audit   '@formatjs/fast-memoize': [ '2.2.7' ],
644 silly audit   '@formatjs/icu-messageformat-parser': [ '2.11.4' ],
644 silly audit   '@formatjs/icu-skeleton-parser': [ '1.8.16' ],
644 silly audit   '@humanfs/core': [ '0.19.1' ],
644 silly audit   '@humanfs/node': [ '0.16.7' ],
644 silly audit   '@humanwhocodes/module-importer': [ '1.0.1' ],
644 silly audit   '@humanwhocodes/retry': [ '0.4.3' ],
644 silly audit   '@img/colour': [ '1.0.0' ],
644 silly audit   '@img/sharp-darwin-arm64': [ '0.34.5' ],
644 silly audit   '@img/sharp-darwin-x64': [ '0.34.5' ],
644 silly audit   '@img/sharp-libvips-darwin-arm64': [ '1.2.4' ],
644 silly audit   '@img/sharp-libvips-darwin-x64': [ '1.2.4' ],
644 silly audit   '@img/sharp-libvips-linux-arm': [ '1.2.4' ],
644 silly audit   '@img/sharp-libvips-linux-arm64': [ '1.2.4' ],
644 silly audit   '@img/sharp-libvips-linux-ppc64': [ '1.2.4' ],
644 silly audit   '@img/sharp-libvips-linux-riscv64': [ '1.2.4' ],
644 silly audit   '@img/sharp-libvips-linux-s390x': [ '1.2.4' ],
644 silly audit   '@img/sharp-libvips-linux-x64': [ '1.2.4' ],
644 silly audit   '@img/sharp-libvips-linuxmusl-arm64': [ '1.2.4' ],
644 silly audit   '@img/sharp-libvips-linuxmusl-x64': [ '1.2.4' ],
644 silly audit   '@img/sharp-linux-arm': [ '0.34.5' ],
644 silly audit   '@img/sharp-linux-arm64': [ '0.34.5' ],
644 silly audit   '@img/sharp-linux-ppc64': [ '0.34.5' ],
644 silly audit   '@img/sharp-linux-riscv64': [ '0.34.5' ],
644 silly audit   '@img/sharp-linux-s390x': [ '0.34.5' ],
644 silly audit   '@img/sharp-linux-x64': [ '0.34.5' ],
644 silly audit   '@img/sharp-linuxmusl-arm64': [ '0.34.5' ],
644 silly audit   '@img/sharp-linuxmusl-x64': [ '0.34.5' ],
644 silly audit   '@img/sharp-wasm32': [ '0.34.5' ],
644 silly audit   '@img/sharp-win32-arm64': [ '0.34.5' ],
644 silly audit   '@img/sharp-win32-ia32': [ '0.34.5' ],
644 silly audit   '@img/sharp-win32-x64': [ '0.34.5' ],
644 silly audit   '@jridgewell/gen-mapping': [ '0.3.13' ],
644 silly audit   '@jridgewell/remapping': [ '2.3.5' ],
644 silly audit   '@jridgewell/resolve-uri': [ '3.1.2' ],
644 silly audit   '@jridgewell/sourcemap-codec': [ '1.5.5' ],
644 silly audit   '@jridgewell/trace-mapping': [ '0.3.31' ],
644 silly audit   '@napi-rs/wasm-runtime': [ '0.2.12' ],
644 silly audit   '@next/env': [ '16.1.1' ],
644 silly audit   '@next/eslint-plugin-next': [ '16.1.1' ],
644 silly audit   '@next/swc-darwin-arm64': [ '16.1.1' ],
644 silly audit   '@next/swc-darwin-x64': [ '16.1.1' ],
644 silly audit   '@next/swc-linux-arm64-gnu': [ '16.1.1' ],
644 silly audit   '@next/swc-linux-arm64-musl': [ '16.1.1' ],
644 silly audit   '@next/swc-linux-x64-gnu': [ '16.1.1' ],
644 silly audit   '@next/swc-linux-x64-musl': [ '16.1.1' ],
644 silly audit   '@next/swc-win32-arm64-msvc': [ '16.1.1' ],
644 silly audit   '@next/swc-win32-x64-msvc': [ '16.1.1' ],
644 silly audit   '@nodelib/fs.scandir': [ '2.1.5' ],
644 silly audit   '@nodelib/fs.stat': [ '2.0.5' ],
644 silly audit   '@nodelib/fs.walk': [ '1.2.8' ],
644 silly audit   '@nolyfill/is-core-module': [ '1.0.39' ],
644 silly audit   '@parcel/watcher': [ '2.5.4' ],
644 silly audit   '@parcel/watcher-android-arm64': [ '2.5.4' ],
644 silly audit   '@parcel/watcher-darwin-arm64': [ '2.5.4' ],
644 silly audit   '@parcel/watcher-darwin-x64': [ '2.5.4' ],
644 silly audit   '@parcel/watcher-freebsd-x64': [ '2.5.4' ],
644 silly audit   '@parcel/watcher-linux-arm-glibc': [ '2.5.4' ],
644 silly audit   '@parcel/watcher-linux-arm-musl': [ '2.5.4' ],
644 silly audit   '@parcel/watcher-linux-arm64-glibc': [ '2.5.4' ],
644 silly audit   '@parcel/watcher-linux-arm64-musl': [ '2.5.4' ],
644 silly audit   '@parcel/watcher-linux-x64-glibc': [ '2.5.4' ],
644 silly audit   '@parcel/watcher-linux-x64-musl': [ '2.5.4' ],
644 silly audit   '@parcel/watcher-win32-arm64': [ '2.5.4' ],
644 silly audit   '@parcel/watcher-win32-ia32': [ '2.5.4' ],
644 silly audit   '@parcel/watcher-win32-x64': [ '2.5.4' ],
644 silly audit   picomatch: [ '4.0.3', '2.3.1' ],
644 silly audit   '@postman/form-data': [ '3.1.1' ],
644 silly audit   '@postman/tough-cookie': [ '4.1.3-postman.1' ],
644 silly audit   '@postman/tunnel-agent': [ '0.6.8' ],
644 silly audit   '@rtsao/scc': [ '1.1.0' ],
644 silly audit   '@schummar/icu-type-parser': [ '1.21.5' ],
644 silly audit   '@supabase/auth-js': [ '2.90.1' ],
644 silly audit   '@supabase/functions-js': [ '2.90.1' ],
644 silly audit   '@supabase/postgrest-js': [ '2.90.1' ],
644 silly audit   '@supabase/realtime-js': [ '2.90.1' ],
644 silly audit   '@supabase/ssr': [ '0.8.0' ],
644 silly audit   '@supabase/storage-js': [ '2.90.1' ],
644 silly audit   '@supabase/supabase-js': [ '2.90.1' ],
644 silly audit   '@swc/core-darwin-arm64': [ '1.15.8' ],
644 silly audit   '@swc/core-darwin-x64': [ '1.15.8' ],
644 silly audit   '@swc/core-linux-arm-gnueabihf': [ '1.15.8' ],
644 silly audit   '@swc/core-linux-arm64-gnu': [ '1.15.8' ],
644 silly audit   '@swc/core-linux-arm64-musl': [ '1.15.8' ],
644 silly audit   '@swc/core-linux-x64-gnu': [ '1.15.8' ],
644 silly audit   '@swc/core-linux-x64-musl': [ '1.15.8' ],
644 silly audit   '@swc/core-win32-arm64-msvc': [ '1.15.8' ],
644 silly audit   '@swc/core-win32-ia32-msvc': [ '1.15.8' ],
644 silly audit   '@swc/core-win32-x64-msvc': [ '1.15.8' ],
644 silly audit   '@swc/counter': [ '0.1.3' ],
644 silly audit   '@swc/helpers': [ '0.5.15' ],
644 silly audit   '@swc/types': [ '0.1.25' ],
644 silly audit   '@tailwindcss/node': [ '4.1.18' ],
644 silly audit   '@tailwindcss/oxide': [ '4.1.18' ],
644 silly audit   '@tailwindcss/oxide-android-arm64': [ '4.1.18' ],
644 silly audit   '@tailwindcss/oxide-darwin-arm64': [ '4.1.18' ],
644 silly audit   '@tailwindcss/oxide-darwin-x64': [ '4.1.18' ],
644 silly audit   '@tailwindcss/oxide-freebsd-x64': [ '4.1.18' ],
644 silly audit   '@tailwindcss/oxide-linux-arm-gnueabihf': [ '4.1.18' ],
644 silly audit   '@tailwindcss/oxide-linux-arm64-gnu': [ '4.1.18' ],
644 silly audit   '@tailwindcss/oxide-linux-arm64-musl': [ '4.1.18' ],
644 silly audit   '@tailwindcss/oxide-linux-x64-gnu': [ '4.1.18' ],
644 silly audit   '@tailwindcss/oxide-linux-x64-musl': [ '4.1.18' ],
644 silly audit   '@tailwindcss/oxide-wasm32-wasi': [ '4.1.18' ],
644 silly audit   '@tailwindcss/oxide-win32-arm64-msvc': [ '4.1.18' ],
644 silly audit   '@tailwindcss/oxide-win32-x64-msvc': [ '4.1.18' ],
644 silly audit   '@tailwindcss/postcss': [ '4.1.18' ],
644 silly audit   '@tybys/wasm-util': [ '0.10.1' ],
644 silly audit   '@types/estree': [ '1.0.8' ],
644 silly audit   '@types/json-schema': [ '7.0.15' ],
644 silly audit   '@types/json5': [ '0.0.29' ],
644 silly audit   '@types/node': [ '20.19.29' ],
644 silly audit   '@types/phoenix': [ '1.6.7' ],
644 silly audit   '@types/react': [ '19.2.8' ],
644 silly audit   '@types/react-dom': [ '19.2.3' ],
644 silly audit   '@types/ws': [ '8.18.1' ],
644 silly audit   '@typescript-eslint/eslint-plugin': [ '8.53.0' ],
644 silly audit   ignore: [ '7.0.5', '5.3.2' ],
644 silly audit   '@typescript-eslint/parser': [ '8.53.0' ],
644 silly audit   '@typescript-eslint/project-service': [ '8.53.0' ],
644 silly audit   '@typescript-eslint/scope-manager': [ '8.53.0' ],
644 silly audit   '@typescript-eslint/tsconfig-utils': [ '8.53.0' ],
644 silly audit   '@typescript-eslint/type-utils': [ '8.53.0' ],
644 silly audit   '@typescript-eslint/types': [ '8.53.0' ],
644 silly audit   '@typescript-eslint/typescript-estree': [ '8.53.0' ],
644 silly audit   'brace-expansion': [ '2.0.2', '1.1.12' ],
644 silly audit   minimatch: [ '9.0.5', '3.1.2' ],
644 silly audit   semver: [ '7.7.3', '6.3.1' ],
644 silly audit   '@typescript-eslint/utils': [ '8.53.0' ],
644 silly audit   '@typescript-eslint/visitor-keys': [ '8.53.0' ],
644 silly audit   '@unrs/resolver-binding-android-arm-eabi': [ '1.11.1' ],
644 silly audit   '@unrs/resolver-binding-android-arm64': [ '1.11.1' ],
644 silly audit   '@unrs/resolver-binding-darwin-arm64': [ '1.11.1' ],
644 silly audit   '@unrs/resolver-binding-darwin-x64': [ '1.11.1' ],
644 silly audit   '@unrs/resolver-binding-freebsd-x64': [ '1.11.1' ],
644 silly audit   '@unrs/resolver-binding-linux-arm-gnueabihf': [ '1.11.1' ],
644 silly audit   '@unrs/resolver-binding-linux-arm-musleabihf': [ '1.11.1' ],
644 silly audit   '@unrs/resolver-binding-linux-arm64-gnu': [ '1.11.1' ],
644 silly audit   '@unrs/resolver-binding-linux-arm64-musl': [ '1.11.1' ],
644 silly audit   '@unrs/resolver-binding-linux-ppc64-gnu': [ '1.11.1' ],
644 silly audit   '@unrs/resolver-binding-linux-riscv64-gnu': [ '1.11.1' ],
644 silly audit   '@unrs/resolver-binding-linux-riscv64-musl': [ '1.11.1' ],
644 silly audit   '@unrs/resolver-binding-linux-s390x-gnu': [ '1.11.1' ],
644 silly audit   '@unrs/resolver-binding-linux-x64-gnu': [ '1.11.1' ],
644 silly audit   '@unrs/resolver-binding-linux-x64-musl': [ '1.11.1' ],
644 silly audit   '@unrs/resolver-binding-wasm32-wasi': [ '1.11.1' ],
644 silly audit   '@unrs/resolver-binding-win32-arm64-msvc': [ '1.11.1' ],
644 silly audit   '@unrs/resolver-binding-win32-ia32-msvc': [ '1.11.1' ],
644 silly audit   '@unrs/resolver-binding-win32-x64-msvc': [ '1.11.1' ],
644 silly audit   acorn: [ '8.15.0' ],
644 silly audit   'acorn-jsx': [ '5.3.2' ],
644 silly audit   'agent-base': [ '7.1.4' ],
644 silly audit   ajv: [ '6.12.6' ],
644 silly audit   'ansi-styles': [ '4.3.0' ],
644 silly audit   argparse: [ '2.0.1' ],
644 silly audit   'aria-query': [ '5.3.2' ],
644 silly audit   'array-buffer-byte-length': [ '1.0.2' ],
644 silly audit   'array-includes': [ '3.1.9' ],
644 silly audit   'array.prototype.findlast': [ '1.2.5' ],
644 silly audit   'array.prototype.findlastindex': [ '1.2.6' ],
644 silly audit   'array.prototype.flat': [ '1.3.3' ],
644 silly audit   'array.prototype.flatmap': [ '1.3.3' ],
644 silly audit   'array.prototype.tosorted': [ '1.1.4' ],
644 silly audit   'arraybuffer.prototype.slice': [ '1.0.4' ],
644 silly audit   asn1: [ '0.2.6' ],
644 silly audit   'assert-plus': [ '1.0.0' ],
644 silly audit   'ast-types-flow': [ '0.0.8' ],
644 silly audit   'async-function': [ '1.0.0' ],
644 silly audit   asynckit: [ '0.4.0' ],
644 silly audit   'available-typed-arrays': [ '1.0.7' ],
644 silly audit   'aws-sign2': [ '0.7.0' ],
644 silly audit   aws4: [ '1.13.2' ],
644 silly audit   'axe-core': [ '4.11.1' ],
644 silly audit   'axobject-query': [ '4.1.0' ],
644 silly audit   'balanced-match': [ '1.0.2' ],
644 silly audit   'baseline-browser-mapping': [ '2.9.14' ],
644 silly audit   'bcrypt-pbkdf': [ '1.0.2' ],
644 silly audit   bluebird: [ '2.11.0' ],
644 silly audit   braces: [ '3.0.3' ],
644 silly audit   browserslist: [ '4.28.1' ],
644 silly audit   'call-bind': [ '1.0.8' ],
644 silly audit   'call-bind-apply-helpers': [ '1.0.2' ],
644 silly audit   'call-bound': [ '1.0.4' ],
644 silly audit   callsites: [ '3.1.0' ],
644 silly audit   'caniuse-lite': [ '1.0.30001764' ],
644 silly audit   caseless: [ '0.12.0' ],
644 silly audit   chalk: [ '4.1.2' ],
644 silly audit   'client-only': [ '0.0.1' ],
644 silly audit   'color-convert': [ '2.0.1' ],
644 silly audit   'color-name': [ '1.1.4' ],
644 silly audit   'combined-stream': [ '1.0.8' ],
644 silly audit   'concat-map': [ '0.0.1' ],
644 silly audit   'convert-source-map': [ '2.0.0' ],
644 silly audit   cookie: [ '1.1.1' ],
644 silly audit   'core-util-is': [ '1.0.2' ],
644 silly audit   'cross-spawn': [ '7.0.6' ],
644 silly audit   csstype: [ '3.2.3' ],
644 silly audit   'damerau-levenshtein': [ '1.0.8' ],
644 silly audit   dashdash: [ '1.14.1' ],
644 silly audit   'data-view-buffer': [ '1.0.2' ],
644 silly audit   'data-view-byte-length': [ '1.0.2' ],
644 silly audit   'data-view-byte-offset': [ '1.0.1' ],
644 silly audit   debug: [ '4.4.3', '3.2.7' ],
644 silly audit   'decimal.js': [ '10.6.0' ],
644 silly audit   'deep-is': [ '0.1.4' ],
644 silly audit   'define-data-property': [ '1.1.4' ],
644 silly audit   'define-properties': [ '1.2.1' ],
644 silly audit   'delayed-stream': [ '1.0.0' ],
644 silly audit   'detect-libc': [ '2.1.2' ],
644 silly audit   doctrine: [ '2.1.0' ],
644 silly audit   'dunder-proto': [ '1.0.1' ],
644 silly audit   'ecc-jsbn': [ '0.1.2' ],
644 silly audit   'electron-to-chromium': [ '1.5.267' ],
644 silly audit   'emoji-regex': [ '9.2.2' ],
644 silly audit   'enhanced-resolve': [ '5.18.4' ],
644 silly audit   'es-abstract': [ '1.24.1' ],
644 silly audit   'es-define-property': [ '1.0.1' ],
644 silly audit   'es-errors': [ '1.3.0' ],
644 silly audit   'es-iterator-helpers': [ '1.2.2' ],
644 silly audit   'es-object-atoms': [ '1.1.1' ],
644 silly audit   'es-set-tostringtag': [ '2.1.0' ],
644 silly audit   'es-shim-unscopables': [ '1.1.0' ],
644 silly audit   'es-to-primitive': [ '1.3.0' ],
644 silly audit   escalade: [ '3.2.0' ],
644 silly audit   'escape-string-regexp': [ '4.0.0' ],
644 silly audit   eslint: [ '9.39.2' ],
644 silly audit   'eslint-config-next': [ '16.1.1' ],
644 silly audit   globals: [ '16.4.0', '14.0.0' ],
644 silly audit   'eslint-import-resolver-node': [ '0.3.9' ],
644 silly audit   'eslint-import-resolver-typescript': [ '3.10.1' ],
644 silly audit   'eslint-module-utils': [ '2.12.1' ],
644 silly audit   'eslint-plugin-import': [ '2.32.0' ],
644 silly audit   'eslint-plugin-jsx-a11y': [ '6.10.2' ],
644 silly audit   'eslint-plugin-react': [ '7.37.5' ],
644 silly audit   'eslint-plugin-react-hooks': [ '7.0.1' ],
644 silly audit   resolve: [ '2.0.0-next.5', '1.22.11' ],
644 silly audit   'eslint-scope': [ '8.4.0' ],
644 silly audit   espree: [ '10.4.0' ],
644 silly audit   esquery: [ '1.7.0' ],
644 silly audit   esrecurse: [ '4.3.0' ],
644 silly audit   estraverse: [ '5.3.0' ],
644 silly audit   esutils: [ '2.0.3' ],
644 silly audit   extend: [ '3.0.2' ],
644 silly audit   extsprintf: [ '1.3.0' ],
644 silly audit   'fast-deep-equal': [ '3.1.3' ],
644 silly audit   'fast-glob': [ '3.3.1' ],
644 silly audit   'glob-parent': [ '5.1.2', '6.0.2' ],
644 silly audit   'fast-json-stable-stringify': [ '2.1.0' ],
644 silly audit   'fast-levenshtein': [ '2.0.6' ],
644 silly audit   fastq: [ '1.20.1' ],
644 silly audit   'file-entry-cache': [ '8.0.0' ],
644 silly audit   'fill-range': [ '7.1.1' ],
644 silly audit   'find-up': [ '5.0.0' ],
644 silly audit   'flat-cache': [ '4.0.1' ],
644 silly audit   flatted: [ '3.3.3' ],
644 silly audit   'for-each': [ '0.3.5' ],
644 silly audit   'forever-agent': [ '0.6.1' ],
644 silly audit   'function-bind': [ '1.1.2' ],
644 silly audit   'function.prototype.name': [ '1.1.8' ],
644 silly audit   'functions-have-names': [ '1.2.3' ],
644 silly audit   'generator-function': [ '2.0.1' ],
644 silly audit   gensync: [ '1.0.0-beta.2' ],
644 silly audit   'get-intrinsic': [ '1.3.0' ],
644 silly audit   'get-proto': [ '1.0.1' ],
644 silly audit   'get-symbol-description': [ '1.1.0' ],
644 silly audit   'get-tsconfig': [ '4.13.0' ],
644 silly audit   getpass: [ '0.1.7' ],
644 silly audit   globalthis: [ '1.0.4' ],
644 silly audit   gopd: [ '1.2.0' ],
644 silly audit   'graceful-fs': [ '4.2.11' ],
644 silly audit   'has-bigints': [ '1.1.0' ],
644 silly audit   'has-flag': [ '4.0.0' ],
644 silly audit   'has-property-descriptors': [ '1.0.2' ],
644 silly audit   'has-proto': [ '1.2.0' ],
644 silly audit   'has-symbols': [ '1.1.0' ],
644 silly audit   'has-tostringtag': [ '1.0.2' ],
644 silly audit   hasown: [ '2.0.2' ],
644 silly audit   'hermes-estree': [ '0.25.1' ],
644 silly audit   'hermes-parser': [ '0.25.1' ],
644 silly audit   'http-signature': [ '1.4.0' ],
644 silly audit   'iceberg-js': [ '0.8.1' ],
644 silly audit   'import-fresh': [ '3.3.1' ],
644 silly audit   imurmurhash: [ '0.1.4' ],
644 silly audit   'internal-slot': [ '1.1.0' ],
644 silly audit   'intl-messageformat': [ '10.7.18' ],
644 silly audit   'ip-address': [ '10.1.0' ],
644 silly audit   'is-array-buffer': [ '3.0.5' ],
644 silly audit   'is-async-function': [ '2.1.1' ],
644 silly audit   'is-bigint': [ '1.1.0' ],
644 silly audit   'is-boolean-object': [ '1.2.2' ],
644 silly audit   'is-bun-module': [ '2.0.0' ],
644 silly audit   'is-callable': [ '1.2.7' ],
644 silly audit   'is-core-module': [ '2.16.1' ],
644 silly audit   'is-data-view': [ '1.0.2' ],
644 silly audit   'is-date-object': [ '1.1.0' ],
644 silly audit   'is-extglob': [ '2.1.1' ],
644 silly audit   'is-finalizationregistry': [ '1.1.1' ],
644 silly audit   'is-generator-function': [ '1.1.2' ],
644 silly audit   'is-glob': [ '4.0.3' ],
644 silly audit   'is-map': [ '2.0.3' ],
644 silly audit   'is-negative-zero': [ '2.0.3' ],
644 silly audit   'is-number': [ '7.0.0' ],
644 silly audit   'is-number-object': [ '1.1.1' ],
644 silly audit   'is-regex': [ '1.2.1' ],
644 silly audit   'is-set': [ '2.0.3' ],
644 silly audit   'is-shared-array-buffer': [ '1.0.4' ],
644 silly audit   'is-string': [ '1.1.1' ],
644 silly audit   'is-symbol': [ '1.1.1' ],
644 silly audit   'is-typed-array': [ '1.1.15' ],
644 silly audit   'is-typedarray': [ '1.0.0' ],
644 silly audit   'is-weakmap': [ '2.0.2' ],
644 silly audit   'is-weakref': [ '1.1.1' ],
644 silly audit   'is-weakset': [ '2.0.4' ],
644 silly audit   isarray: [ '2.0.5' ],
644 silly audit   isexe: [ '2.0.0' ],
644 silly audit   isstream: [ '0.1.2' ],
644 silly audit   'iterator.prototype': [ '1.1.5' ],
644 silly audit   iyzipay: [ '2.0.64' ],
644 silly audit   jiti: [ '2.6.1' ],
644 silly audit   'js-tokens': [ '4.0.0' ],
644 silly audit   'js-yaml': [ '4.1.1' ],
644 silly audit   jsbn: [ '0.1.1' ],
644 silly audit   jsesc: [ '3.1.0' ],
644 silly audit   'json-buffer': [ '3.0.1' ],
644 silly audit   'json-schema': [ '0.4.0' ],
644 silly audit   'json-schema-traverse': [ '0.4.1' ],
644 silly audit   'json-stable-stringify-without-jsonify': [ '1.0.1' ],
644 silly audit   'json-stringify-safe': [ '5.0.1' ],
644 silly audit   json5: [ '2.2.3', '1.0.2' ],
644 silly audit   jsprim: [ '2.0.2' ],
644 silly audit   'jsx-ast-utils': [ '3.3.5' ],
644 silly audit   keyv: [ '4.5.4' ],
644 silly audit   'language-subtag-registry': [ '0.3.23' ],
644 silly audit   'language-tags': [ '1.0.9' ],
644 silly audit   levn: [ '0.4.1' ],
644 silly audit   lightningcss: [ '1.30.2' ],
644 silly audit   'lightningcss-android-arm64': [ '1.30.2' ],
644 silly audit   'lightningcss-darwin-arm64': [ '1.30.2' ],
644 silly audit   'lightningcss-darwin-x64': [ '1.30.2' ],
644 silly audit   'lightningcss-freebsd-x64': [ '1.30.2' ],
644 silly audit   'lightningcss-linux-arm-gnueabihf': [ '1.30.2' ],
644 silly audit   'lightningcss-linux-arm64-gnu': [ '1.30.2' ],
644 silly audit   'lightningcss-linux-arm64-musl': [ '1.30.2' ],
644 silly audit   'lightningcss-linux-x64-gnu': [ '1.30.2' ],
644 silly audit   'lightningcss-linux-x64-musl': [ '1.30.2' ],
644 silly audit   'lightningcss-win32-arm64-msvc': [ '1.30.2' ],
644 silly audit   'lightningcss-win32-x64-msvc': [ '1.30.2' ],
644 silly audit   'locate-path': [ '6.0.0' ],
644 silly audit   'lodash.merge': [ '4.6.2' ],
644 silly audit   'loose-envify': [ '1.4.0' ],
644 silly audit   'lru-cache': [ '5.1.1' ],
644 silly audit   'lucide-react': [ '0.562.0' ],
644 silly audit   'magic-string': [ '0.30.21' ],
644 silly audit   'math-intrinsics': [ '1.1.0' ],
644 silly audit   merge2: [ '1.4.1' ],
644 silly audit   micromatch: [ '4.0.8' ],
644 silly audit   'mime-db': [ '1.52.0' ],
644 silly audit   'mime-types': [ '2.1.35' ],
644 silly audit   minimist: [ '1.2.8' ],
644 silly audit   ms: [ '2.1.3' ],
644 silly audit   nanoid: [ '3.3.11' ],
644 silly audit   'napi-postinstall': [ '0.3.4' ],
644 silly audit   'natural-compare': [ '1.4.0' ],
644 silly audit   negotiator: [ '1.0.0' ],
644 silly audit   next: [ '16.1.1' ],
644 silly audit   'next-intl': [ '4.7.0' ],
644 silly audit   'next-intl-swc-plugin-extractor': [ '4.7.0' ],
644 silly audit   '@swc/core': [ '1.15.8' ],
644 silly audit   postcss: [ '8.4.31', '8.5.6' ],
644 silly audit   'node-addon-api': [ '7.1.1' ],
644 silly audit   'node-releases': [ '2.0.27' ],
644 silly audit   'oauth-sign': [ '0.9.0' ],
644 silly audit   'object-assign': [ '4.1.1' ],
644 silly audit   'object-inspect': [ '1.13.4' ],
644 silly audit   'object-keys': [ '1.1.1' ],
644 silly audit   'object.assign': [ '4.1.7' ],
644 silly audit   'object.entries': [ '1.1.9' ],
644 silly audit   'object.fromentries': [ '2.0.8' ],
644 silly audit   'object.groupby': [ '1.0.3' ],
644 silly audit   'object.values': [ '1.2.1' ],
644 silly audit   optionator: [ '0.9.4' ],
644 silly audit   'own-keys': [ '1.0.1' ],
644 silly audit   'p-limit': [ '3.1.0' ],
644 silly audit   'p-locate': [ '5.0.0' ],
644 silly audit   'parent-module': [ '1.0.1' ],
644 silly audit   'path-exists': [ '4.0.0' ],
644 silly audit   'path-key': [ '3.1.1' ],
644 silly audit   'path-parse': [ '1.0.7' ],
644 silly audit   picocolors: [ '1.1.1' ],
644 silly audit   'po-parser': [ '2.1.1' ],
644 silly audit   'possible-typed-array-names': [ '1.1.0' ],
644 silly audit   'postman-request': [ '2.88.1-postman.47' ],
644 silly audit   'prelude-ls': [ '1.2.1' ],
644 silly audit   'prop-types': [ '15.8.1' ],
644 silly audit   psl: [ '1.15.0' ],
644 silly audit   punycode: [ '2.3.1' ],
644 silly audit   qs: [ '6.5.3', '6.14.1' ],
644 silly audit   querystringify: [ '2.2.0' ],
644 silly audit   'queue-microtask': [ '1.2.3' ],
644 silly audit   react: [ '19.2.3' ],
644 silly audit   'react-dom': [ '19.2.3' ],
644 silly audit   'react-is': [ '16.13.1' ],
644 silly audit   'reflect.getprototypeof': [ '1.0.10' ],
644 silly audit   'regexp.prototype.flags': [ '1.5.4' ],
644 silly audit   'requires-port': [ '1.0.0' ],
644 silly audit   'resolve-from': [ '4.0.0' ],
644 silly audit   'resolve-pkg-maps': [ '1.0.0' ],
644 silly audit   reusify: [ '1.1.0' ],
644 silly audit   'run-parallel': [ '1.2.0' ],
644 silly audit   'safe-array-concat': [ '1.1.3' ],
644 silly audit   'safe-buffer': [ '5.2.1' ],
644 silly audit   'safe-push-apply': [ '1.0.0' ],
644 silly audit   'safe-regex-test': [ '1.1.0' ],
644 silly audit   'safer-buffer': [ '2.1.2' ],
644 silly audit   scheduler: [ '0.27.0' ],
644 silly audit   'set-function-length': [ '1.2.2' ],
644 silly audit   'set-function-name': [ '2.0.2' ],
644 silly audit   'set-proto': [ '1.0.0' ],
644 silly audit   sharp: [ '0.34.5' ],
644 silly audit   'shebang-command': [ '2.0.0' ],
644 silly audit   'shebang-regex': [ '3.0.0' ],
644 silly audit   'side-channel': [ '1.1.0' ],
644 silly audit   'side-channel-list': [ '1.0.0' ],
644 silly audit   'side-channel-map': [ '1.0.1' ],
644 silly audit   'side-channel-weakmap': [ '1.0.2' ],
644 silly audit   'smart-buffer': [ '4.2.0' ],
644 silly audit   socks: [ '2.8.7' ],
644 silly audit   'socks-proxy-agent': [ '8.0.5' ],
644 silly audit   'source-map-js': [ '1.2.1' ],
644 silly audit   sshpk: [ '1.18.0' ],
644 silly audit   'stable-hash': [ '0.0.5' ],
644 silly audit   'stop-iteration-iterator': [ '1.1.0' ],
644 silly audit   'stream-length': [ '1.0.2' ],
644 silly audit   'string.prototype.includes': [ '2.0.1' ],
644 silly audit   'string.prototype.matchall': [ '4.0.12' ],
644 silly audit   'string.prototype.repeat': [ '1.0.0' ],
644 silly audit   'string.prototype.trim': [ '1.2.10' ],
644 silly audit   'string.prototype.trimend': [ '1.0.9' ],
644 silly audit   'string.prototype.trimstart': [ '1.0.8' ],
644 silly audit   'strip-bom': [ '3.0.0' ],
644 silly audit   'strip-json-comments': [ '3.1.1' ],
644 silly audit   stripe: [ '20.1.2' ],
644 silly audit   'styled-jsx': [ '5.1.6' ],
644 silly audit   'supports-color': [ '7.2.0' ],
644 silly audit   'supports-preserve-symlinks-flag': [ '1.0.0' ],
644 silly audit   tailwindcss: [ '4.1.18' ],
644 silly audit   tapable: [ '2.3.0' ],
644 silly audit   tinyglobby: [ '0.2.15' ],
644 silly audit   fdir: [ '6.5.0' ],
644 silly audit   'to-regex-range': [ '5.0.1' ],
644 silly audit   'ts-api-utils': [ '2.4.0' ],
644 silly audit   'tsconfig-paths': [ '3.15.0' ],
644 silly audit   tslib: [ '2.8.1' ],
644 silly audit   tweetnacl: [ '0.14.5' ],
644 silly audit   'type-check': [ '0.4.0' ],
644 silly audit   'typed-array-buffer': [ '1.0.3' ],
644 silly audit   'typed-array-byte-length': [ '1.0.3' ],
644 silly audit   'typed-array-byte-offset': [ '1.0.4' ],
644 silly audit   'typed-array-length': [ '1.0.7' ],
644 silly audit   typescript: [ '5.9.3' ],
644 silly audit   'typescript-eslint': [ '8.53.0' ],
644 silly audit   'unbox-primitive': [ '1.1.0' ],
644 silly audit   'undici-types': [ '6.21.0' ],
644 silly audit   universalify: [ '0.2.0' ],
644 silly audit   'unrs-resolver': [ '1.11.1' ],
644 silly audit   'update-browserslist-db': [ '1.2.3' ],
644 silly audit   'uri-js': [ '4.4.1' ],
644 silly audit   'url-parse': [ '1.5.10' ],
644 silly audit   'use-intl': [ '4.7.0' ],
644 silly audit   uuid: [ '8.3.2' ],
644 silly audit   verror: [ '1.10.0' ],
644 silly audit   which: [ '2.0.2' ],
644 silly audit   'which-boxed-primitive': [ '1.1.1' ],
644 silly audit   'which-builtin-type': [ '1.2.1' ],
644 silly audit   'which-collection': [ '1.0.2' ],
644 silly audit   'which-typed-array': [ '1.1.19' ],
644 silly audit   'word-wrap': [ '1.2.5' ],
644 silly audit   ws: [ '8.19.0' ],
644 silly audit   yallist: [ '3.1.1' ],
644 silly audit   'yocto-queue': [ '0.1.0' ],
644 silly audit   zod: [ '4.3.5' ],
644 silly audit   'zod-validation-error': [ '4.0.2' ],
644 silly audit   '@aws-sdk/client-s3': [ '3.968.0' ],
644 silly audit   '@aws-crypto/sha1-browser': [ '5.2.0' ],
644 silly audit   '@aws-crypto/sha256-browser': [ '5.2.0' ],
644 silly audit   '@aws-crypto/sha256-js': [ '5.2.0' ],
644 silly audit   '@aws-sdk/core': [ '3.968.0' ],
644 silly audit   '@aws-sdk/credential-provider-node': [ '3.968.0' ],
644 silly audit   '@aws-sdk/middleware-bucket-endpoint': [ '3.968.0' ],
644 silly audit   '@aws-sdk/middleware-expect-continue': [ '3.968.0' ],
644 silly audit   '@aws-sdk/middleware-flexible-checksums': [ '3.968.0' ],
644 silly audit   '@aws-sdk/middleware-host-header': [ '3.968.0' ],
644 silly audit   '@aws-sdk/middleware-location-constraint': [ '3.968.0' ],
644 silly audit   '@aws-sdk/middleware-logger': [ '3.968.0' ],
644 silly audit   '@aws-sdk/middleware-recursion-detection': [ '3.968.0' ],
644 silly audit   '@aws-sdk/middleware-sdk-s3': [ '3.968.0' ],
644 silly audit   '@aws-sdk/middleware-ssec': [ '3.968.0' ],
644 silly audit   '@aws-sdk/middleware-user-agent': [ '3.968.0' ],
644 silly audit   '@aws-sdk/region-config-resolver': [ '3.968.0' ],
644 silly audit   '@aws-sdk/signature-v4-multi-region': [ '3.968.0' ],
644 silly audit   '@aws-sdk/types': [ '3.968.0' ],
644 silly audit   '@aws-sdk/util-endpoints': [ '3.968.0' ],
644 silly audit   '@aws-sdk/util-user-agent-browser': [ '3.968.0' ],
644 silly audit   '@aws-sdk/util-user-agent-node': [ '3.968.0' ],
644 silly audit   '@smithy/config-resolver': [ '4.4.6' ],
644 silly audit   '@smithy/core': [ '3.20.5' ],
644 silly audit   '@smithy/eventstream-serde-browser': [ '4.2.8' ],
644 silly audit   '@smithy/eventstream-serde-config-resolver': [ '4.3.8' ],
644 silly audit   '@smithy/eventstream-serde-node': [ '4.2.8' ],
644 silly audit   '@smithy/fetch-http-handler': [ '5.3.9' ],
644 silly audit   '@smithy/hash-blob-browser': [ '4.2.9' ],
644 silly audit   '@smithy/hash-node': [ '4.2.8' ],
644 silly audit   '@smithy/hash-stream-node': [ '4.2.8' ],
644 silly audit   '@smithy/invalid-dependency': [ '4.2.8' ],
644 silly audit   '@smithy/md5-js': [ '4.2.8' ],
644 silly audit   '@smithy/middleware-content-length': [ '4.2.8' ],
644 silly audit   '@smithy/middleware-endpoint': [ '4.4.6' ],
644 silly audit   '@smithy/middleware-retry': [ '4.4.22' ],
644 silly audit   '@smithy/middleware-serde': [ '4.2.9' ],
644 silly audit   '@smithy/middleware-stack': [ '4.2.8' ],
644 silly audit   '@smithy/node-config-provider': [ '4.3.8' ],
644 silly audit   '@smithy/node-http-handler': [ '4.4.8' ],
644 silly audit   '@smithy/protocol-http': [ '5.3.8' ],
644 silly audit   '@smithy/smithy-client': [ '4.10.7' ],
644 silly audit   '@smithy/types': [ '4.12.0' ],
644 silly audit   '@smithy/url-parser': [ '4.2.8' ],
644 silly audit   '@smithy/util-base64': [ '4.3.0' ],
644 silly audit   '@smithy/util-body-length-browser': [ '4.2.0' ],
644 silly audit   '@smithy/util-body-length-node': [ '4.2.1' ],
644 silly audit   '@smithy/util-defaults-mode-browser': [ '4.3.21' ],
644 silly audit   '@smithy/util-defaults-mode-node': [ '4.2.24' ],
644 silly audit   '@smithy/util-endpoints': [ '3.2.8' ],
644 silly audit   '@smithy/util-middleware': [ '4.2.8' ],
644 silly audit   '@smithy/util-retry': [ '4.2.8' ],
644 silly audit   '@smithy/util-stream': [ '4.5.10' ],
644 silly audit   '@smithy/util-utf8': [ '4.2.0', '2.3.0' ],
644 silly audit   '@smithy/util-waiter': [ '4.2.8' ],
644 silly audit   '@aws-crypto/supports-web-crypto': [ '5.2.0' ],
644 silly audit   '@aws-crypto/util': [ '5.2.0' ],
644 silly audit   '@aws-sdk/util-locate-window': [ '3.965.2' ],
644 silly audit   '@aws-sdk/xml-builder': [ '3.968.0' ],
644 silly audit   '@smithy/property-provider': [ '4.2.8' ],
644 silly audit   '@smithy/signature-v4': [ '5.3.8' ],
644 silly audit   '@aws-sdk/credential-provider-env': [ '3.968.0' ],
644 silly audit   '@aws-sdk/credential-provider-http': [ '3.968.0' ],
644 silly audit   '@aws-sdk/credential-provider-ini': [ '3.968.0' ],
644 silly audit   '@aws-sdk/credential-provider-process': [ '3.968.0' ],
644 silly audit   '@aws-sdk/credential-provider-sso': [ '3.968.0' ],
644 silly audit   '@aws-sdk/credential-provider-web-identity': [ '3.968.0' ],
644 silly audit   '@smithy/credential-provider-imds': [ '4.2.8' ],
644 silly audit   '@smithy/shared-ini-file-loader': [ '4.4.3' ],
644 silly audit   '@aws-sdk/credential-provider-login': [ '3.968.0' ],
644 silly audit   '@aws-sdk/nested-clients': [ '3.968.0' ],
644 silly audit   '@aws-sdk/client-sso': [ '3.968.0' ],
644 silly audit   '@aws-sdk/token-providers': [ '3.968.0' ],
644 silly audit   '@aws-sdk/util-arn-parser': [ '3.968.0' ],
644 silly audit   '@smithy/util-config-provider': [ '4.2.0' ],
644 silly audit   '@aws-crypto/crc32': [ '5.2.0' ],
644 silly audit   '@aws-crypto/crc32c': [ '5.2.0' ],
644 silly audit   '@aws-sdk/crc64-nvme': [ '3.968.0' ],
644 silly audit   '@smithy/is-array-buffer': [ '4.2.0', '2.2.0' ],
644 silly audit   '@aws/lambda-invoke-store': [ '0.2.3' ],
644 silly audit   bowser: [ '2.13.1' ],
644 silly audit   'fast-xml-parser': [ '5.2.5' ],
644 silly audit   '@smithy/uuid': [ '1.1.0' ],
644 silly audit   '@smithy/eventstream-serde-universal': [ '4.2.8' ],
644 silly audit   '@smithy/eventstream-codec': [ '4.2.8' ],
644 silly audit   '@smithy/util-hex-encoding': [ '4.2.0' ],
644 silly audit   '@smithy/querystring-builder': [ '4.2.8' ],
644 silly audit   '@smithy/chunked-blob-reader': [ '5.2.0' ],
644 silly audit   '@smithy/chunked-blob-reader-native': [ '4.2.1' ],
644 silly audit   '@smithy/util-buffer-from': [ '4.2.0', '2.2.0' ],
644 silly audit   '@smithy/service-error-classification': [ '4.2.8' ],
644 silly audit   '@smithy/abort-controller': [ '4.2.8' ],
644 silly audit   '@smithy/util-uri-escape': [ '4.2.0' ],
644 silly audit   '@smithy/querystring-parser': [ '4.2.8' ],
644 silly audit   strnum: [ '2.1.2' ]
644 silly audit }
645 http cache strnum@https://registry.npmjs.org/strnum/-/strnum-2.1.2.tgz 0ms (cache hit)
646 http cache @smithy/abort-controller@https://registry.npmjs.org/@smithy/abort-controller/-/abort-controller-4.2.8.tgz 0ms (cache hit)
647 http cache @smithy/service-error-classification@https://registry.npmjs.org/@smithy/service-error-classification/-/service-error-classification-4.2.8.tgz 0ms (cache hit)
648 http cache @smithy/util-buffer-from@https://registry.npmjs.org/@smithy/util-buffer-from/-/util-buffer-from-4.2.0.tgz 0ms (cache hit)
649 http cache @smithy/querystring-parser@https://registry.npmjs.org/@smithy/querystring-parser/-/querystring-parser-4.2.8.tgz 0ms (cache hit)
650 http cache @smithy/util-uri-escape@https://registry.npmjs.org/@smithy/util-uri-escape/-/util-uri-escape-4.2.0.tgz 0ms (cache hit)
651 http cache @smithy/querystring-builder@https://registry.npmjs.org/@smithy/querystring-builder/-/querystring-builder-4.2.8.tgz 0ms (cache hit)
652 http cache @smithy/util-hex-encoding@https://registry.npmjs.org/@smithy/util-hex-encoding/-/util-hex-encoding-4.2.0.tgz 0ms (cache hit)
653 http cache @smithy/eventstream-codec@https://registry.npmjs.org/@smithy/eventstream-codec/-/eventstream-codec-4.2.8.tgz 0ms (cache hit)
654 http cache @smithy/eventstream-serde-universal@https://registry.npmjs.org/@smithy/eventstream-serde-universal/-/eventstream-serde-universal-4.2.8.tgz 0ms (cache hit)
655 http cache fast-xml-parser@https://registry.npmjs.org/fast-xml-parser/-/fast-xml-parser-5.2.5.tgz 0ms (cache hit)
656 http cache @smithy/chunked-blob-reader-native@https://registry.npmjs.org/@smithy/chunked-blob-reader-native/-/chunked-blob-reader-native-4.2.1.tgz 0ms (cache hit)
657 http cache bowser@https://registry.npmjs.org/bowser/-/bowser-2.13.1.tgz 0ms (cache hit)
658 http cache @aws/lambda-invoke-store@https://registry.npmjs.org/@aws/lambda-invoke-store/-/lambda-invoke-store-0.2.3.tgz 0ms (cache hit)
659 http cache @smithy/is-array-buffer@https://registry.npmjs.org/@smithy/is-array-buffer/-/is-array-buffer-4.2.0.tgz 0ms (cache hit)
660 http cache @smithy/uuid@https://registry.npmjs.org/@smithy/uuid/-/uuid-1.1.0.tgz 0ms (cache hit)
661 http cache @smithy/chunked-blob-reader@https://registry.npmjs.org/@smithy/chunked-blob-reader/-/chunked-blob-reader-5.2.0.tgz 0ms (cache hit)
662 http cache @aws-crypto/crc32c@https://registry.npmjs.org/@aws-crypto/crc32c/-/crc32c-5.2.0.tgz 0ms (cache hit)
663 http cache @smithy/util-config-provider@https://registry.npmjs.org/@smithy/util-config-provider/-/util-config-provider-4.2.0.tgz 0ms (cache hit)
664 http cache @aws-sdk/credential-provider-login@https://registry.npmjs.org/@aws-sdk/credential-provider-login/-/credential-provider-login-3.968.0.tgz 0ms (cache hit)
665 http cache @aws-crypto/crc32@https://registry.npmjs.org/@aws-crypto/crc32/-/crc32-5.2.0.tgz 0ms (cache hit)
666 http cache @aws-sdk/nested-clients@https://registry.npmjs.org/@aws-sdk/nested-clients/-/nested-clients-3.968.0.tgz 0ms (cache hit)
667 http cache @aws-sdk/client-sso@https://registry.npmjs.org/@aws-sdk/client-sso/-/client-sso-3.968.0.tgz 0ms (cache hit)
668 http cache @smithy/shared-ini-file-loader@https://registry.npmjs.org/@smithy/shared-ini-file-loader/-/shared-ini-file-loader-4.4.3.tgz 0ms (cache hit)
669 http cache @smithy/credential-provider-imds@https://registry.npmjs.org/@smithy/credential-provider-imds/-/credential-provider-imds-4.2.8.tgz 0ms (cache hit)
670 http cache @aws-sdk/token-providers@https://registry.npmjs.org/@aws-sdk/token-providers/-/token-providers-3.968.0.tgz 0ms (cache hit)
671 http cache @aws-sdk/credential-provider-web-identity@https://registry.npmjs.org/@aws-sdk/credential-provider-web-identity/-/credential-provider-web-identity-3.968.0.tgz 0ms (cache hit)
672 http cache @aws-sdk/crc64-nvme@https://registry.npmjs.org/@aws-sdk/crc64-nvme/-/crc64-nvme-3.968.0.tgz 0ms (cache hit)
673 http cache @aws-sdk/credential-provider-sso@https://registry.npmjs.org/@aws-sdk/credential-provider-sso/-/credential-provider-sso-3.968.0.tgz 0ms (cache hit)
674 http cache @aws-sdk/credential-provider-ini@https://registry.npmjs.org/@aws-sdk/credential-provider-ini/-/credential-provider-ini-3.968.0.tgz 0ms (cache hit)
675 http cache @smithy/signature-v4@https://registry.npmjs.org/@smithy/signature-v4/-/signature-v4-5.3.8.tgz 0ms (cache hit)
676 http cache @aws-sdk/credential-provider-http@https://registry.npmjs.org/@aws-sdk/credential-provider-http/-/credential-provider-http-3.968.0.tgz 0ms (cache hit)
677 http cache @aws-sdk/xml-builder@https://registry.npmjs.org/@aws-sdk/xml-builder/-/xml-builder-3.968.0.tgz 0ms (cache hit)
678 http cache @smithy/property-provider@https://registry.npmjs.org/@smithy/property-provider/-/property-provider-4.2.8.tgz 0ms (cache hit)
679 http cache @aws-sdk/util-arn-parser@https://registry.npmjs.org/@aws-sdk/util-arn-parser/-/util-arn-parser-3.968.0.tgz 0ms (cache hit)
680 http cache @aws-crypto/supports-web-crypto@https://registry.npmjs.org/@aws-crypto/supports-web-crypto/-/supports-web-crypto-5.2.0.tgz 0ms (cache hit)
681 http cache @aws-sdk/credential-provider-env@https://registry.npmjs.org/@aws-sdk/credential-provider-env/-/credential-provider-env-3.968.0.tgz 0ms (cache hit)
682 http cache @aws-sdk/util-locate-window@https://registry.npmjs.org/@aws-sdk/util-locate-window/-/util-locate-window-3.965.2.tgz 0ms (cache hit)
683 http cache @smithy/util-utf8@https://registry.npmjs.org/@smithy/util-utf8/-/util-utf8-4.2.0.tgz 0ms (cache hit)
684 http cache @aws-crypto/util@https://registry.npmjs.org/@aws-crypto/util/-/util-5.2.0.tgz 0ms (cache hit)
685 http cache @smithy/util-waiter@https://registry.npmjs.org/@smithy/util-waiter/-/util-waiter-4.2.8.tgz 0ms (cache hit)
686 http cache @smithy/util-retry@https://registry.npmjs.org/@smithy/util-retry/-/util-retry-4.2.8.tgz 0ms (cache hit)
687 http cache @smithy/util-stream@https://registry.npmjs.org/@smithy/util-stream/-/util-stream-4.5.10.tgz 0ms (cache hit)
688 http cache @smithy/util-endpoints@https://registry.npmjs.org/@smithy/util-endpoints/-/util-endpoints-3.2.8.tgz 0ms (cache hit)
689 http cache @smithy/util-middleware@https://registry.npmjs.org/@smithy/util-middleware/-/util-middleware-4.2.8.tgz 0ms (cache hit)
690 http cache @smithy/util-defaults-mode-node@https://registry.npmjs.org/@smithy/util-defaults-mode-node/-/util-defaults-mode-node-4.2.24.tgz 0ms (cache hit)
691 http cache @smithy/util-body-length-node@https://registry.npmjs.org/@smithy/util-body-length-node/-/util-body-length-node-4.2.1.tgz 0ms (cache hit)
692 http cache @smithy/util-body-length-browser@https://registry.npmjs.org/@smithy/util-body-length-browser/-/util-body-length-browser-4.2.0.tgz 0ms (cache hit)
693 http cache @aws-sdk/credential-provider-process@https://registry.npmjs.org/@aws-sdk/credential-provider-process/-/credential-provider-process-3.968.0.tgz 0ms (cache hit)
694 http cache @smithy/url-parser@https://registry.npmjs.org/@smithy/url-parser/-/url-parser-4.2.8.tgz 0ms (cache hit)
695 http cache @smithy/util-defaults-mode-browser@https://registry.npmjs.org/@smithy/util-defaults-mode-browser/-/util-defaults-mode-browser-4.3.21.tgz 0ms (cache hit)
696 http cache @smithy/smithy-client@https://registry.npmjs.org/@smithy/smithy-client/-/smithy-client-4.10.7.tgz 0ms (cache hit)
697 http cache @smithy/protocol-http@https://registry.npmjs.org/@smithy/protocol-http/-/protocol-http-5.3.8.tgz 0ms (cache hit)
698 http cache @smithy/types@https://registry.npmjs.org/@smithy/types/-/types-4.12.0.tgz 0ms (cache hit)
699 http cache @smithy/node-config-provider@https://registry.npmjs.org/@smithy/node-config-provider/-/node-config-provider-4.3.8.tgz 0ms (cache hit)
700 http cache @smithy/node-http-handler@https://registry.npmjs.org/@smithy/node-http-handler/-/node-http-handler-4.4.8.tgz 0ms (cache hit)
701 http cache @smithy/middleware-serde@https://registry.npmjs.org/@smithy/middleware-serde/-/middleware-serde-4.2.9.tgz 0ms (cache hit)
702 http cache @smithy/middleware-retry@https://registry.npmjs.org/@smithy/middleware-retry/-/middleware-retry-4.4.22.tgz 0ms (cache hit)
703 http cache @smithy/util-base64@https://registry.npmjs.org/@smithy/util-base64/-/util-base64-4.3.0.tgz 0ms (cache hit)
704 http cache @smithy/middleware-content-length@https://registry.npmjs.org/@smithy/middleware-content-length/-/middleware-content-length-4.2.8.tgz 0ms (cache hit)
705 http cache @smithy/middleware-stack@https://registry.npmjs.org/@smithy/middleware-stack/-/middleware-stack-4.2.8.tgz 0ms (cache hit)
706 http cache @smithy/md5-js@https://registry.npmjs.org/@smithy/md5-js/-/md5-js-4.2.8.tgz 0ms (cache hit)
707 http cache @smithy/middleware-endpoint@https://registry.npmjs.org/@smithy/middleware-endpoint/-/middleware-endpoint-4.4.6.tgz 0ms (cache hit)
708 http cache @smithy/hash-node@https://registry.npmjs.org/@smithy/hash-node/-/hash-node-4.2.8.tgz 0ms (cache hit)
709 http cache @smithy/eventstream-serde-node@https://registry.npmjs.org/@smithy/eventstream-serde-node/-/eventstream-serde-node-4.2.8.tgz 0ms (cache hit)
710 http cache @smithy/hash-blob-browser@https://registry.npmjs.org/@smithy/hash-blob-browser/-/hash-blob-browser-4.2.9.tgz 0ms (cache hit)
711 http cache @smithy/hash-stream-node@https://registry.npmjs.org/@smithy/hash-stream-node/-/hash-stream-node-4.2.8.tgz 0ms (cache hit)
712 http cache @smithy/eventstream-serde-config-resolver@https://registry.npmjs.org/@smithy/eventstream-serde-config-resolver/-/eventstream-serde-config-resolver-4.3.8.tgz 0ms (cache hit)
713 http cache @smithy/eventstream-serde-browser@https://registry.npmjs.org/@smithy/eventstream-serde-browser/-/eventstream-serde-browser-4.2.8.tgz 0ms (cache hit)
714 http cache @aws-sdk/util-user-agent-node@https://registry.npmjs.org/@aws-sdk/util-user-agent-node/-/util-user-agent-node-3.968.0.tgz 0ms (cache hit)
715 http cache @smithy/config-resolver@https://registry.npmjs.org/@smithy/config-resolver/-/config-resolver-4.4.6.tgz 0ms (cache hit)
716 http cache @aws-sdk/util-endpoints@https://registry.npmjs.org/@aws-sdk/util-endpoints/-/util-endpoints-3.968.0.tgz 0ms (cache hit)
717 http cache @smithy/invalid-dependency@https://registry.npmjs.org/@smithy/invalid-dependency/-/invalid-dependency-4.2.8.tgz 0ms (cache hit)
718 http cache @aws-sdk/util-user-agent-browser@https://registry.npmjs.org/@aws-sdk/util-user-agent-browser/-/util-user-agent-browser-3.968.0.tgz 0ms (cache hit)
719 http cache @smithy/fetch-http-handler@https://registry.npmjs.org/@smithy/fetch-http-handler/-/fetch-http-handler-5.3.9.tgz 0ms (cache hit)
720 http cache @smithy/core@https://registry.npmjs.org/@smithy/core/-/core-3.20.5.tgz 0ms (cache hit)
721 http cache @aws-sdk/types@https://registry.npmjs.org/@aws-sdk/types/-/types-3.968.0.tgz 0ms (cache hit)
722 http cache @aws-sdk/signature-v4-multi-region@https://registry.npmjs.org/@aws-sdk/signature-v4-multi-region/-/signature-v4-multi-region-3.968.0.tgz 0ms (cache hit)
723 http cache @aws-sdk/middleware-recursion-detection@https://registry.npmjs.org/@aws-sdk/middleware-recursion-detection/-/middleware-recursion-detection-3.968.0.tgz 0ms (cache hit)
724 http cache @aws-sdk/middleware-ssec@https://registry.npmjs.org/@aws-sdk/middleware-ssec/-/middleware-ssec-3.968.0.tgz 0ms (cache hit)
725 http cache @aws-sdk/middleware-sdk-s3@https://registry.npmjs.org/@aws-sdk/middleware-sdk-s3/-/middleware-sdk-s3-3.968.0.tgz 0ms (cache hit)
726 http cache @aws-sdk/middleware-logger@https://registry.npmjs.org/@aws-sdk/middleware-logger/-/middleware-logger-3.968.0.tgz 0ms (cache hit)
727 http cache @aws-sdk/middleware-location-constraint@https://registry.npmjs.org/@aws-sdk/middleware-location-constraint/-/middleware-location-constraint-3.968.0.tgz 0ms (cache hit)
728 http cache @aws-sdk/middleware-user-agent@https://registry.npmjs.org/@aws-sdk/middleware-user-agent/-/middleware-user-agent-3.968.0.tgz 0ms (cache hit)
729 http cache @aws-sdk/region-config-resolver@https://registry.npmjs.org/@aws-sdk/region-config-resolver/-/region-config-resolver-3.968.0.tgz 0ms (cache hit)
730 http cache @aws-sdk/middleware-flexible-checksums@https://registry.npmjs.org/@aws-sdk/middleware-flexible-checksums/-/middleware-flexible-checksums-3.968.0.tgz 0ms (cache hit)
731 http cache @aws-sdk/core@https://registry.npmjs.org/@aws-sdk/core/-/core-3.968.0.tgz 0ms (cache hit)
732 http cache @aws-sdk/middleware-bucket-endpoint@https://registry.npmjs.org/@aws-sdk/middleware-bucket-endpoint/-/middleware-bucket-endpoint-3.968.0.tgz 0ms (cache hit)
733 http cache @aws-sdk/credential-provider-node@https://registry.npmjs.org/@aws-sdk/credential-provider-node/-/credential-provider-node-3.968.0.tgz 0ms (cache hit)
734 http cache @aws-sdk/middleware-host-header@https://registry.npmjs.org/@aws-sdk/middleware-host-header/-/middleware-host-header-3.968.0.tgz 0ms (cache hit)
735 http cache @aws-crypto/sha256-js@https://registry.npmjs.org/@aws-crypto/sha256-js/-/sha256-js-5.2.0.tgz 0ms (cache hit)
736 http cache @aws-crypto/sha1-browser@https://registry.npmjs.org/@aws-crypto/sha1-browser/-/sha1-browser-5.2.0.tgz 0ms (cache hit)
737 http cache @aws-sdk/client-s3@https://registry.npmjs.org/@aws-sdk/client-s3/-/client-s3-3.968.0.tgz 0ms (cache hit)
738 http cache @aws-crypto/sha256-browser@https://registry.npmjs.org/@aws-crypto/sha256-browser/-/sha256-browser-5.2.0.tgz 0ms (cache hit)
739 http cache @aws-sdk/middleware-expect-continue@https://registry.npmjs.org/@aws-sdk/middleware-expect-continue/-/middleware-expect-continue-3.968.0.tgz 0ms (cache hit)
740 http cache @smithy/util-buffer-from@https://registry.npmjs.org/@smithy/util-buffer-from/-/util-buffer-from-2.2.0.tgz 0ms (cache hit)
741 http cache @smithy/is-array-buffer@https://registry.npmjs.org/@smithy/is-array-buffer/-/is-array-buffer-2.2.0.tgz 0ms (cache hit)
742 http cache @smithy/util-utf8@https://registry.npmjs.org/@smithy/util-utf8/-/util-utf8-2.3.0.tgz 0ms (cache hit)
743 http cache @smithy/util-utf8@https://registry.npmjs.org/@smithy/util-utf8/-/util-utf8-2.3.0.tgz 0ms (cache hit)
744 http cache @smithy/is-array-buffer@https://registry.npmjs.org/@smithy/is-array-buffer/-/is-array-buffer-2.2.0.tgz 0ms (cache hit)
745 http cache @smithy/util-buffer-from@https://registry.npmjs.org/@smithy/util-buffer-from/-/util-buffer-from-2.2.0.tgz 0ms (cache hit)
746 silly tarball no local data for strnum@https://registry.npmjs.org/strnum/-/strnum-2.1.2.tgz. Extracting by manifest.
747 silly tarball no local data for @smithy/abort-controller@https://registry.npmjs.org/@smithy/abort-controller/-/abort-controller-4.2.8.tgz. Extracting by manifest.
748 silly tarball no local data for @smithy/service-error-classification@https://registry.npmjs.org/@smithy/service-error-classification/-/service-error-classification-4.2.8.tgz. Extracting by manifest.
749 silly tarball no local data for @smithy/util-buffer-from@https://registry.npmjs.org/@smithy/util-buffer-from/-/util-buffer-from-4.2.0.tgz. Extracting by manifest.
750 http cache @smithy/util-utf8@https://registry.npmjs.org/@smithy/util-utf8/-/util-utf8-2.3.0.tgz 0ms (cache hit)
751 http cache @smithy/util-buffer-from@https://registry.npmjs.org/@smithy/util-buffer-from/-/util-buffer-from-2.2.0.tgz 0ms (cache hit)
752 silly tarball no local data for @smithy/querystring-parser@https://registry.npmjs.org/@smithy/querystring-parser/-/querystring-parser-4.2.8.tgz. Extracting by manifest.
753 silly tarball no local data for @smithy/util-uri-escape@https://registry.npmjs.org/@smithy/util-uri-escape/-/util-uri-escape-4.2.0.tgz. Extracting by manifest.
754 silly tarball no local data for @smithy/querystring-builder@https://registry.npmjs.org/@smithy/querystring-builder/-/querystring-builder-4.2.8.tgz. Extracting by manifest.
755 http cache @smithy/is-array-buffer@https://registry.npmjs.org/@smithy/is-array-buffer/-/is-array-buffer-2.2.0.tgz 0ms (cache hit)
756 silly tarball no local data for @smithy/util-hex-encoding@https://registry.npmjs.org/@smithy/util-hex-encoding/-/util-hex-encoding-4.2.0.tgz. Extracting by manifest.
757 silly tarball no local data for @smithy/eventstream-codec@https://registry.npmjs.org/@smithy/eventstream-codec/-/eventstream-codec-4.2.8.tgz. Extracting by manifest.
758 silly tarball no local data for @smithy/eventstream-serde-universal@https://registry.npmjs.org/@smithy/eventstream-serde-universal/-/eventstream-serde-universal-4.2.8.tgz. Extracting by manifest.
759 silly tarball no local data for fast-xml-parser@https://registry.npmjs.org/fast-xml-parser/-/fast-xml-parser-5.2.5.tgz. Extracting by manifest.
760 silly tarball no local data for @smithy/chunked-blob-reader-native@https://registry.npmjs.org/@smithy/chunked-blob-reader-native/-/chunked-blob-reader-native-4.2.1.tgz. Extracting by manifest.
761 silly tarball no local data for bowser@https://registry.npmjs.org/bowser/-/bowser-2.13.1.tgz. Extracting by manifest.
762 silly tarball no local data for @aws/lambda-invoke-store@https://registry.npmjs.org/@aws/lambda-invoke-store/-/lambda-invoke-store-0.2.3.tgz. Extracting by manifest.
763 silly tarball no local data for @smithy/is-array-buffer@https://registry.npmjs.org/@smithy/is-array-buffer/-/is-array-buffer-4.2.0.tgz. Extracting by manifest.
764 silly tarball no local data for @smithy/uuid@https://registry.npmjs.org/@smithy/uuid/-/uuid-1.1.0.tgz. Extracting by manifest.
765 silly tarball no local data for @smithy/chunked-blob-reader@https://registry.npmjs.org/@smithy/chunked-blob-reader/-/chunked-blob-reader-5.2.0.tgz. Extracting by manifest.
766 silly tarball no local data for @aws-crypto/crc32c@https://registry.npmjs.org/@aws-crypto/crc32c/-/crc32c-5.2.0.tgz. Extracting by manifest.
767 silly tarball no local data for @smithy/util-config-provider@https://registry.npmjs.org/@smithy/util-config-provider/-/util-config-provider-4.2.0.tgz. Extracting by manifest.
768 silly tarball no local data for @aws-sdk/credential-provider-login@https://registry.npmjs.org/@aws-sdk/credential-provider-login/-/credential-provider-login-3.968.0.tgz. Extracting by manifest.
769 silly tarball no local data for @aws-crypto/crc32@https://registry.npmjs.org/@aws-crypto/crc32/-/crc32-5.2.0.tgz. Extracting by manifest.
770 silly tarball no local data for @aws-sdk/nested-clients@https://registry.npmjs.org/@aws-sdk/nested-clients/-/nested-clients-3.968.0.tgz. Extracting by manifest.
771 silly tarball no local data for @aws-sdk/client-sso@https://registry.npmjs.org/@aws-sdk/client-sso/-/client-sso-3.968.0.tgz. Extracting by manifest.
772 silly tarball no local data for @smithy/shared-ini-file-loader@https://registry.npmjs.org/@smithy/shared-ini-file-loader/-/shared-ini-file-loader-4.4.3.tgz. Extracting by manifest.
773 silly tarball no local data for @smithy/credential-provider-imds@https://registry.npmjs.org/@smithy/credential-provider-imds/-/credential-provider-imds-4.2.8.tgz. Extracting by manifest.
774 silly tarball no local data for @aws-sdk/token-providers@https://registry.npmjs.org/@aws-sdk/token-providers/-/token-providers-3.968.0.tgz. Extracting by manifest.
775 silly tarball no local data for @aws-sdk/credential-provider-web-identity@https://registry.npmjs.org/@aws-sdk/credential-provider-web-identity/-/credential-provider-web-identity-3.968.0.tgz. Extracting by manifest.
776 silly tarball no local data for @aws-sdk/crc64-nvme@https://registry.npmjs.org/@aws-sdk/crc64-nvme/-/crc64-nvme-3.968.0.tgz. Extracting by manifest.
777 silly tarball no local data for @aws-sdk/credential-provider-sso@https://registry.npmjs.org/@aws-sdk/credential-provider-sso/-/credential-provider-sso-3.968.0.tgz. Extracting by manifest.
778 silly tarball no local data for @aws-sdk/credential-provider-ini@https://registry.npmjs.org/@aws-sdk/credential-provider-ini/-/credential-provider-ini-3.968.0.tgz. Extracting by manifest.
779 silly tarball no local data for @smithy/signature-v4@https://registry.npmjs.org/@smithy/signature-v4/-/signature-v4-5.3.8.tgz. Extracting by manifest.
780 silly tarball no local data for @aws-sdk/credential-provider-http@https://registry.npmjs.org/@aws-sdk/credential-provider-http/-/credential-provider-http-3.968.0.tgz. Extracting by manifest.
781 silly tarball no local data for @aws-sdk/xml-builder@https://registry.npmjs.org/@aws-sdk/xml-builder/-/xml-builder-3.968.0.tgz. Extracting by manifest.
782 silly tarball no local data for @smithy/property-provider@https://registry.npmjs.org/@smithy/property-provider/-/property-provider-4.2.8.tgz. Extracting by manifest.
783 silly tarball no local data for @aws-sdk/util-arn-parser@https://registry.npmjs.org/@aws-sdk/util-arn-parser/-/util-arn-parser-3.968.0.tgz. Extracting by manifest.
784 silly tarball no local data for @aws-crypto/supports-web-crypto@https://registry.npmjs.org/@aws-crypto/supports-web-crypto/-/supports-web-crypto-5.2.0.tgz. Extracting by manifest.
785 silly tarball no local data for @aws-sdk/credential-provider-env@https://registry.npmjs.org/@aws-sdk/credential-provider-env/-/credential-provider-env-3.968.0.tgz. Extracting by manifest.
786 silly tarball no local data for @aws-sdk/util-locate-window@https://registry.npmjs.org/@aws-sdk/util-locate-window/-/util-locate-window-3.965.2.tgz. Extracting by manifest.
787 silly tarball no local data for @smithy/util-utf8@https://registry.npmjs.org/@smithy/util-utf8/-/util-utf8-4.2.0.tgz. Extracting by manifest.
788 silly tarball no local data for @aws-crypto/util@https://registry.npmjs.org/@aws-crypto/util/-/util-5.2.0.tgz. Extracting by manifest.
789 silly tarball no local data for @smithy/util-waiter@https://registry.npmjs.org/@smithy/util-waiter/-/util-waiter-4.2.8.tgz. Extracting by manifest.
790 silly tarball no local data for @smithy/util-retry@https://registry.npmjs.org/@smithy/util-retry/-/util-retry-4.2.8.tgz. Extracting by manifest.
791 silly tarball no local data for @smithy/util-stream@https://registry.npmjs.org/@smithy/util-stream/-/util-stream-4.5.10.tgz. Extracting by manifest.
792 silly tarball no local data for @smithy/util-endpoints@https://registry.npmjs.org/@smithy/util-endpoints/-/util-endpoints-3.2.8.tgz. Extracting by manifest.
793 silly tarball no local data for @smithy/util-middleware@https://registry.npmjs.org/@smithy/util-middleware/-/util-middleware-4.2.8.tgz. Extracting by manifest.
794 silly tarball no local data for @smithy/util-defaults-mode-node@https://registry.npmjs.org/@smithy/util-defaults-mode-node/-/util-defaults-mode-node-4.2.24.tgz. Extracting by manifest.
795 silly tarball no local data for @smithy/util-body-length-node@https://registry.npmjs.org/@smithy/util-body-length-node/-/util-body-length-node-4.2.1.tgz. Extracting by manifest.
796 silly tarball no local data for @smithy/util-body-length-browser@https://registry.npmjs.org/@smithy/util-body-length-browser/-/util-body-length-browser-4.2.0.tgz. Extracting by manifest.
797 silly tarball no local data for @aws-sdk/credential-provider-process@https://registry.npmjs.org/@aws-sdk/credential-provider-process/-/credential-provider-process-3.968.0.tgz. Extracting by manifest.
798 silly tarball no local data for @smithy/url-parser@https://registry.npmjs.org/@smithy/url-parser/-/url-parser-4.2.8.tgz. Extracting by manifest.
799 silly tarball no local data for @smithy/util-defaults-mode-browser@https://registry.npmjs.org/@smithy/util-defaults-mode-browser/-/util-defaults-mode-browser-4.3.21.tgz. Extracting by manifest.
800 silly tarball no local data for @smithy/smithy-client@https://registry.npmjs.org/@smithy/smithy-client/-/smithy-client-4.10.7.tgz. Extracting by manifest.
801 silly tarball no local data for @smithy/protocol-http@https://registry.npmjs.org/@smithy/protocol-http/-/protocol-http-5.3.8.tgz. Extracting by manifest.
802 silly tarball no local data for @smithy/types@https://registry.npmjs.org/@smithy/types/-/types-4.12.0.tgz. Extracting by manifest.
803 silly tarball no local data for @smithy/node-config-provider@https://registry.npmjs.org/@smithy/node-config-provider/-/node-config-provider-4.3.8.tgz. Extracting by manifest.
804 silly tarball no local data for @smithy/node-http-handler@https://registry.npmjs.org/@smithy/node-http-handler/-/node-http-handler-4.4.8.tgz. Extracting by manifest.
805 silly tarball no local data for @smithy/middleware-serde@https://registry.npmjs.org/@smithy/middleware-serde/-/middleware-serde-4.2.9.tgz. Extracting by manifest.
806 silly tarball no local data for @smithy/middleware-retry@https://registry.npmjs.org/@smithy/middleware-retry/-/middleware-retry-4.4.22.tgz. Extracting by manifest.
807 silly tarball no local data for @smithy/util-base64@https://registry.npmjs.org/@smithy/util-base64/-/util-base64-4.3.0.tgz. Extracting by manifest.
808 silly tarball no local data for @smithy/middleware-content-length@https://registry.npmjs.org/@smithy/middleware-content-length/-/middleware-content-length-4.2.8.tgz. Extracting by manifest.
809 silly tarball no local data for @smithy/middleware-stack@https://registry.npmjs.org/@smithy/middleware-stack/-/middleware-stack-4.2.8.tgz. Extracting by manifest.
810 silly tarball no local data for @smithy/md5-js@https://registry.npmjs.org/@smithy/md5-js/-/md5-js-4.2.8.tgz. Extracting by manifest.
811 silly tarball no local data for @smithy/middleware-endpoint@https://registry.npmjs.org/@smithy/middleware-endpoint/-/middleware-endpoint-4.4.6.tgz. Extracting by manifest.
812 silly tarball no local data for @smithy/hash-node@https://registry.npmjs.org/@smithy/hash-node/-/hash-node-4.2.8.tgz. Extracting by manifest.
813 silly tarball no local data for @smithy/eventstream-serde-node@https://registry.npmjs.org/@smithy/eventstream-serde-node/-/eventstream-serde-node-4.2.8.tgz. Extracting by manifest.
814 silly tarball no local data for @smithy/hash-blob-browser@https://registry.npmjs.org/@smithy/hash-blob-browser/-/hash-blob-browser-4.2.9.tgz. Extracting by manifest.
815 silly tarball no local data for @smithy/hash-stream-node@https://registry.npmjs.org/@smithy/hash-stream-node/-/hash-stream-node-4.2.8.tgz. Extracting by manifest.
816 silly tarball no local data for @smithy/eventstream-serde-config-resolver@https://registry.npmjs.org/@smithy/eventstream-serde-config-resolver/-/eventstream-serde-config-resolver-4.3.8.tgz. Extracting by manifest.
817 silly tarball no local data for @smithy/eventstream-serde-browser@https://registry.npmjs.org/@smithy/eventstream-serde-browser/-/eventstream-serde-browser-4.2.8.tgz. Extracting by manifest.
818 silly tarball no local data for @aws-sdk/util-user-agent-node@https://registry.npmjs.org/@aws-sdk/util-user-agent-node/-/util-user-agent-node-3.968.0.tgz. Extracting by manifest.
819 silly tarball no local data for @smithy/config-resolver@https://registry.npmjs.org/@smithy/config-resolver/-/config-resolver-4.4.6.tgz. Extracting by manifest.
820 silly tarball no local data for @aws-sdk/util-endpoints@https://registry.npmjs.org/@aws-sdk/util-endpoints/-/util-endpoints-3.968.0.tgz. Extracting by manifest.
821 silly tarball no local data for @smithy/invalid-dependency@https://registry.npmjs.org/@smithy/invalid-dependency/-/invalid-dependency-4.2.8.tgz. Extracting by manifest.
822 silly tarball no local data for @aws-sdk/util-user-agent-browser@https://registry.npmjs.org/@aws-sdk/util-user-agent-browser/-/util-user-agent-browser-3.968.0.tgz. Extracting by manifest.
823 silly tarball no local data for @smithy/fetch-http-handler@https://registry.npmjs.org/@smithy/fetch-http-handler/-/fetch-http-handler-5.3.9.tgz. Extracting by manifest.
824 silly tarball no local data for @smithy/core@https://registry.npmjs.org/@smithy/core/-/core-3.20.5.tgz. Extracting by manifest.
825 silly tarball no local data for @aws-sdk/types@https://registry.npmjs.org/@aws-sdk/types/-/types-3.968.0.tgz. Extracting by manifest.
826 silly tarball no local data for @aws-sdk/signature-v4-multi-region@https://registry.npmjs.org/@aws-sdk/signature-v4-multi-region/-/signature-v4-multi-region-3.968.0.tgz. Extracting by manifest.
827 silly tarball no local data for @aws-sdk/middleware-recursion-detection@https://registry.npmjs.org/@aws-sdk/middleware-recursion-detection/-/middleware-recursion-detection-3.968.0.tgz. Extracting by manifest.
828 silly tarball no local data for @aws-sdk/middleware-ssec@https://registry.npmjs.org/@aws-sdk/middleware-ssec/-/middleware-ssec-3.968.0.tgz. Extracting by manifest.
829 silly tarball no local data for @aws-sdk/middleware-sdk-s3@https://registry.npmjs.org/@aws-sdk/middleware-sdk-s3/-/middleware-sdk-s3-3.968.0.tgz. Extracting by manifest.
830 silly tarball no local data for @aws-sdk/middleware-logger@https://registry.npmjs.org/@aws-sdk/middleware-logger/-/middleware-logger-3.968.0.tgz. Extracting by manifest.
831 silly tarball no local data for @aws-sdk/middleware-location-constraint@https://registry.npmjs.org/@aws-sdk/middleware-location-constraint/-/middleware-location-constraint-3.968.0.tgz. Extracting by manifest.
832 silly tarball no local data for @aws-sdk/middleware-user-agent@https://registry.npmjs.org/@aws-sdk/middleware-user-agent/-/middleware-user-agent-3.968.0.tgz. Extracting by manifest.
833 silly tarball no local data for @aws-sdk/region-config-resolver@https://registry.npmjs.org/@aws-sdk/region-config-resolver/-/region-config-resolver-3.968.0.tgz. Extracting by manifest.
834 silly tarball no local data for @aws-sdk/middleware-flexible-checksums@https://registry.npmjs.org/@aws-sdk/middleware-flexible-checksums/-/middleware-flexible-checksums-3.968.0.tgz. Extracting by manifest.
835 silly tarball no local data for @aws-sdk/core@https://registry.npmjs.org/@aws-sdk/core/-/core-3.968.0.tgz. Extracting by manifest.
836 silly tarball no local data for @aws-sdk/middleware-bucket-endpoint@https://registry.npmjs.org/@aws-sdk/middleware-bucket-endpoint/-/middleware-bucket-endpoint-3.968.0.tgz. Extracting by manifest.
837 silly tarball no local data for @aws-sdk/credential-provider-node@https://registry.npmjs.org/@aws-sdk/credential-provider-node/-/credential-provider-node-3.968.0.tgz. Extracting by manifest.
838 silly tarball no local data for @aws-sdk/middleware-host-header@https://registry.npmjs.org/@aws-sdk/middleware-host-header/-/middleware-host-header-3.968.0.tgz. Extracting by manifest.
839 silly tarball no local data for @aws-crypto/sha256-js@https://registry.npmjs.org/@aws-crypto/sha256-js/-/sha256-js-5.2.0.tgz. Extracting by manifest.
840 silly tarball no local data for @aws-crypto/sha1-browser@https://registry.npmjs.org/@aws-crypto/sha1-browser/-/sha1-browser-5.2.0.tgz. Extracting by manifest.
841 silly tarball no local data for @aws-sdk/client-s3@https://registry.npmjs.org/@aws-sdk/client-s3/-/client-s3-3.968.0.tgz. Extracting by manifest.
842 silly tarball no local data for @aws-crypto/sha256-browser@https://registry.npmjs.org/@aws-crypto/sha256-browser/-/sha256-browser-5.2.0.tgz. Extracting by manifest.
843 silly tarball no local data for @aws-sdk/middleware-expect-continue@https://registry.npmjs.org/@aws-sdk/middleware-expect-continue/-/middleware-expect-continue-3.968.0.tgz. Extracting by manifest.
844 silly tarball no local data for @smithy/util-buffer-from@https://registry.npmjs.org/@smithy/util-buffer-from/-/util-buffer-from-2.2.0.tgz. Extracting by manifest.
845 silly tarball no local data for @smithy/is-array-buffer@https://registry.npmjs.org/@smithy/is-array-buffer/-/is-array-buffer-2.2.0.tgz. Extracting by manifest.
846 silly tarball no local data for @smithy/util-utf8@https://registry.npmjs.org/@smithy/util-utf8/-/util-utf8-2.3.0.tgz. Extracting by manifest.
847 silly tarball no local data for @smithy/util-utf8@https://registry.npmjs.org/@smithy/util-utf8/-/util-utf8-2.3.0.tgz. Extracting by manifest.
848 silly tarball no local data for @smithy/is-array-buffer@https://registry.npmjs.org/@smithy/is-array-buffer/-/is-array-buffer-2.2.0.tgz. Extracting by manifest.
849 silly tarball no local data for @smithy/util-buffer-from@https://registry.npmjs.org/@smithy/util-buffer-from/-/util-buffer-from-2.2.0.tgz. Extracting by manifest.
850 silly tarball no local data for @smithy/util-utf8@https://registry.npmjs.org/@smithy/util-utf8/-/util-utf8-2.3.0.tgz. Extracting by manifest.
851 silly tarball no local data for @smithy/util-buffer-from@https://registry.npmjs.org/@smithy/util-buffer-from/-/util-buffer-from-2.2.0.tgz. Extracting by manifest.
852 silly tarball no local data for @smithy/is-array-buffer@https://registry.npmjs.org/@smithy/is-array-buffer/-/is-array-buffer-2.2.0.tgz. Extracting by manifest.
853 http fetch GET 200 https://registry.npmjs.org/@smithy/util-buffer-from/-/util-buffer-from-4.2.0.tgz 143ms (cache miss)
854 http fetch GET 200 https://registry.npmjs.org/@smithy/querystring-parser/-/querystring-parser-4.2.8.tgz 143ms (cache miss)
855 http fetch GET 200 https://registry.npmjs.org/strnum/-/strnum-2.1.2.tgz 145ms (cache miss)
856 http fetch GET 200 https://registry.npmjs.org/@smithy/service-error-classification/-/service-error-classification-4.2.8.tgz 145ms (cache miss)
857 http fetch GET 200 https://registry.npmjs.org/@smithy/util-uri-escape/-/util-uri-escape-4.2.0.tgz 148ms (cache miss)
858 http fetch GET 200 https://registry.npmjs.org/@smithy/abort-controller/-/abort-controller-4.2.8.tgz 157ms (cache miss)
859 http fetch GET 200 https://registry.npmjs.org/@smithy/uuid/-/uuid-1.1.0.tgz 204ms (cache miss)
860 http fetch GET 200 https://registry.npmjs.org/@smithy/is-array-buffer/-/is-array-buffer-4.2.0.tgz 207ms (cache miss)
861 http fetch GET 200 https://registry.npmjs.org/@smithy/util-config-provider/-/util-config-provider-4.2.0.tgz 214ms (cache miss)
862 http fetch GET 200 https://registry.npmjs.org/@smithy/chunked-blob-reader/-/chunked-blob-reader-5.2.0.tgz 218ms (cache miss)
863 http fetch GET 200 https://registry.npmjs.org/@aws-sdk/credential-provider-login/-/credential-provider-login-3.968.0.tgz 229ms (cache miss)
864 http fetch GET 200 https://registry.npmjs.org/@aws-crypto/crc32c/-/crc32c-5.2.0.tgz 230ms (cache miss)
865 http fetch GET 200 https://registry.npmjs.org/@smithy/eventstream-serde-universal/-/eventstream-serde-universal-4.2.8.tgz 259ms (cache miss)
866 http fetch GET 200 https://registry.npmjs.org/@aws/lambda-invoke-store/-/lambda-invoke-store-0.2.3.tgz 264ms (cache miss)
867 http fetch GET 200 https://registry.npmjs.org/@smithy/util-hex-encoding/-/util-hex-encoding-4.2.0.tgz 266ms (cache miss)
868 http fetch GET 200 https://registry.npmjs.org/@smithy/chunked-blob-reader-native/-/chunked-blob-reader-native-4.2.1.tgz 267ms (cache miss)
869 http fetch GET 200 https://registry.npmjs.org/@aws-crypto/crc32/-/crc32-5.2.0.tgz 274ms (cache miss)
870 http fetch POST 200 https://registry.npmjs.org/-/npm/v1/security/advisories/bulk 296ms
871 silly audit report {
871 silly audit report   qs: [
871 silly audit report     {
871 silly audit report       id: 1111755,
871 silly audit report       url: 'https://github.com/advisories/GHSA-6rw7-vpxm-498p',
871 silly audit report       title: "qs's arrayLimit bypass in its bracket notation allows DoS via memory exhaustion",
871 silly audit report       severity: 'high',
871 silly audit report       vulnerable_versions: '<6.14.1',
871 silly audit report       cwe: [Array],
871 silly audit report       cvss: [Object]
871 silly audit report     }
871 silly audit report   ]
871 silly audit report }
872 silly packumentCache corgi:https://registry.npmjs.org/qs cache-miss
873 http fetch GET 200 https://registry.npmjs.org/bowser/-/bowser-2.13.1.tgz 288ms (cache miss)
874 http fetch GET 200 https://registry.npmjs.org/@smithy/querystring-builder/-/querystring-builder-4.2.8.tgz 293ms (cache miss)
875 http fetch GET 200 https://registry.npmjs.org/@smithy/credential-provider-imds/-/credential-provider-imds-4.2.8.tgz 303ms (cache miss)
876 http fetch GET 200 https://registry.npmjs.org/@smithy/eventstream-codec/-/eventstream-codec-4.2.8.tgz 314ms (cache miss)
877 http fetch GET 200 https://registry.npmjs.org/@smithy/shared-ini-file-loader/-/shared-ini-file-loader-4.4.3.tgz 316ms (cache miss)
878 http fetch GET 200 https://registry.npmjs.org/fast-xml-parser/-/fast-xml-parser-5.2.5.tgz 327ms (cache miss)
879 http fetch GET 200 https://registry.npmjs.org/@aws-sdk/client-sso/-/client-sso-3.968.0.tgz 326ms (cache miss)
880 http fetch GET 200 https://registry.npmjs.org/@aws-sdk/token-providers/-/token-providers-3.968.0.tgz 328ms (cache miss)
881 http fetch GET 200 https://registry.npmjs.org/@aws-sdk/credential-provider-ini/-/credential-provider-ini-3.968.0.tgz 340ms (cache miss)
882 http fetch GET 200 https://registry.npmjs.org/@aws-sdk/crc64-nvme/-/crc64-nvme-3.968.0.tgz 347ms (cache miss)
883 http fetch GET 200 https://registry.npmjs.org/@aws-sdk/credential-provider-sso/-/credential-provider-sso-3.968.0.tgz 352ms (cache miss)
884 http fetch GET 200 https://registry.npmjs.org/@aws-sdk/credential-provider-web-identity/-/credential-provider-web-identity-3.968.0.tgz 352ms (cache miss)
885 http fetch GET 200 https://registry.npmjs.org/@smithy/property-provider/-/property-provider-4.2.8.tgz 363ms (cache miss)
886 http fetch GET 200 https://registry.npmjs.org/@smithy/signature-v4/-/signature-v4-5.3.8.tgz 366ms (cache miss)
887 http fetch GET 200 https://registry.npmjs.org/@aws-sdk/xml-builder/-/xml-builder-3.968.0.tgz 365ms (cache miss)
888 http fetch GET 200 https://registry.npmjs.org/@aws-sdk/credential-provider-http/-/credential-provider-http-3.968.0.tgz 369ms (cache miss)
889 http fetch GET 200 https://registry.npmjs.org/@aws-sdk/util-locate-window/-/util-locate-window-3.965.2.tgz 392ms (cache miss)
890 http fetch GET 200 https://registry.npmjs.org/@aws-sdk/util-arn-parser/-/util-arn-parser-3.968.0.tgz 392ms (cache miss)
891 http fetch GET 200 https://registry.npmjs.org/@aws-sdk/credential-provider-env/-/credential-provider-env-3.968.0.tgz 394ms (cache miss)
892 http fetch GET 200 https://registry.npmjs.org/@aws-crypto/supports-web-crypto/-/supports-web-crypto-5.2.0.tgz 406ms (cache miss)
893 http fetch GET 200 https://registry.npmjs.org/@smithy/util-waiter/-/util-waiter-4.2.8.tgz 415ms (cache miss)
894 http fetch GET 200 https://registry.npmjs.org/@smithy/util-utf8/-/util-utf8-4.2.0.tgz 422ms (cache miss)
895 http fetch GET 200 https://registry.npmjs.org/@smithy/util-defaults-mode-node/-/util-defaults-mode-node-4.2.24.tgz 432ms (cache miss)
896 http fetch GET 200 https://registry.npmjs.org/@aws-sdk/credential-provider-process/-/credential-provider-process-3.968.0.tgz 442ms (cache miss)
897 http fetch GET 200 https://registry.npmjs.org/@smithy/util-body-length-node/-/util-body-length-node-4.2.1.tgz 443ms (cache miss)
898 http fetch GET 200 https://registry.npmjs.org/@smithy/util-body-length-browser/-/util-body-length-browser-4.2.0.tgz 444ms (cache miss)
899 http fetch GET 200 https://registry.npmjs.org/@smithy/util-middleware/-/util-middleware-4.2.8.tgz 446ms (cache miss)
900 http fetch GET 200 https://registry.npmjs.org/@smithy/util-retry/-/util-retry-4.2.8.tgz 451ms (cache miss)
901 http fetch GET 200 https://registry.npmjs.org/@smithy/protocol-http/-/protocol-http-5.3.8.tgz 472ms (cache miss)
902 http fetch GET 200 https://registry.npmjs.org/@smithy/url-parser/-/url-parser-4.2.8.tgz 472ms (cache miss)
903 http fetch GET 200 https://registry.npmjs.org/@aws-crypto/util/-/util-5.2.0.tgz 476ms (cache miss)
904 http fetch GET 200 https://registry.npmjs.org/@aws-sdk/nested-clients/-/nested-clients-3.968.0.tgz 481ms (cache miss)
905 http fetch GET 200 https://registry.npmjs.org/@smithy/util-defaults-mode-browser/-/util-defaults-mode-browser-4.3.21.tgz 478ms (cache miss)
906 http fetch GET 200 https://registry.npmjs.org/@smithy/util-stream/-/util-stream-4.5.10.tgz 497ms (cache miss)
907 http fetch GET 200 https://registry.npmjs.org/@smithy/smithy-client/-/smithy-client-4.10.7.tgz 500ms (cache miss)
908 http fetch GET 200 https://registry.npmjs.org/@smithy/util-endpoints/-/util-endpoints-3.2.8.tgz 518ms (cache miss)
909 http fetch GET 200 https://registry.npmjs.org/@smithy/md5-js/-/md5-js-4.2.8.tgz 596ms (cache miss)
910 http fetch GET 200 https://registry.npmjs.org/@smithy/hash-node/-/hash-node-4.2.8.tgz 596ms (cache miss)
911 http fetch GET 200 https://registry.npmjs.org/@smithy/hash-stream-node/-/hash-stream-node-4.2.8.tgz 597ms (cache miss)
912 http fetch GET 200 https://registry.npmjs.org/@smithy/hash-blob-browser/-/hash-blob-browser-4.2.9.tgz 598ms (cache miss)
913 http fetch GET 200 https://registry.npmjs.org/@smithy/middleware-content-length/-/middleware-content-length-4.2.8.tgz 602ms (cache miss)
914 http fetch GET 200 https://registry.npmjs.org/@smithy/eventstream-serde-config-resolver/-/eventstream-serde-config-resolver-4.3.8.tgz 604ms (cache miss)
915 http fetch GET 200 https://registry.npmjs.org/@smithy/middleware-stack/-/middleware-stack-4.2.8.tgz 607ms (cache miss)
916 http fetch GET 200 https://registry.npmjs.org/@smithy/middleware-serde/-/middleware-serde-4.2.9.tgz 608ms (cache miss)
917 http fetch GET 200 https://registry.npmjs.org/@smithy/eventstream-serde-node/-/eventstream-serde-node-4.2.8.tgz 607ms (cache miss)
918 http fetch GET 200 https://registry.npmjs.org/@smithy/node-config-provider/-/node-config-provider-4.3.8.tgz 611ms (cache miss)
919 http fetch GET 200 https://registry.npmjs.org/@smithy/util-base64/-/util-base64-4.3.0.tgz 612ms (cache miss)
920 http fetch GET 200 https://registry.npmjs.org/@smithy/middleware-retry/-/middleware-retry-4.4.22.tgz 621ms (cache miss)
921 http fetch GET 200 https://registry.npmjs.org/@smithy/node-http-handler/-/node-http-handler-4.4.8.tgz 624ms (cache miss)
922 http fetch GET 200 https://registry.npmjs.org/@smithy/middleware-endpoint/-/middleware-endpoint-4.4.6.tgz 624ms (cache miss)
923 http fetch GET 200 https://registry.npmjs.org/@smithy/types/-/types-4.12.0.tgz 636ms (cache miss)
924 http fetch GET 200 https://registry.npmjs.org/@smithy/invalid-dependency/-/invalid-dependency-4.2.8.tgz 659ms (cache miss)
925 http fetch GET 200 https://registry.npmjs.org/@smithy/fetch-http-handler/-/fetch-http-handler-5.3.9.tgz 668ms (cache miss)
926 http fetch GET 200 https://registry.npmjs.org/@smithy/eventstream-serde-browser/-/eventstream-serde-browser-4.2.8.tgz 681ms (cache miss)
927 http fetch GET 200 https://registry.npmjs.org/@aws-sdk/types/-/types-3.968.0.tgz 680ms (cache miss)
928 http fetch GET 200 https://registry.npmjs.org/@aws-sdk/middleware-location-constraint/-/middleware-location-constraint-3.968.0.tgz 682ms (cache miss)
929 http fetch GET 200 https://registry.npmjs.org/@aws-sdk/middleware-ssec/-/middleware-ssec-3.968.0.tgz 685ms (cache miss)
930 http fetch GET 200 https://registry.npmjs.org/@aws-sdk/util-user-agent-node/-/util-user-agent-node-3.968.0.tgz 693ms (cache miss)
931 http fetch GET 200 https://registry.npmjs.org/@aws-sdk/signature-v4-multi-region/-/signature-v4-multi-region-3.968.0.tgz 692ms (cache miss)
932 http fetch GET 200 https://registry.npmjs.org/@aws-sdk/util-user-agent-browser/-/util-user-agent-browser-3.968.0.tgz 693ms (cache miss)
933 http fetch GET 200 https://registry.npmjs.org/@aws-sdk/middleware-logger/-/middleware-logger-3.968.0.tgz 692ms (cache miss)
934 http fetch GET 200 https://registry.npmjs.org/@aws-sdk/middleware-recursion-detection/-/middleware-recursion-detection-3.968.0.tgz 696ms (cache miss)
935 http fetch GET 200 https://registry.npmjs.org/@aws-sdk/util-endpoints/-/util-endpoints-3.968.0.tgz 716ms (cache miss)
936 http fetch GET 200 https://registry.npmjs.org/@aws-sdk/middleware-sdk-s3/-/middleware-sdk-s3-3.968.0.tgz 721ms (cache miss)
937 http fetch GET 200 https://registry.npmjs.org/@smithy/config-resolver/-/config-resolver-4.4.6.tgz 723ms (cache miss)
938 http fetch GET 200 https://registry.npmjs.org/@aws-sdk/region-config-resolver/-/region-config-resolver-3.968.0.tgz 725ms (cache miss)
939 http fetch GET 200 https://registry.npmjs.org/@aws-sdk/middleware-user-agent/-/middleware-user-agent-3.968.0.tgz 737ms (cache miss)
940 http fetch GET 200 https://registry.npmjs.org/@aws-sdk/middleware-host-header/-/middleware-host-header-3.968.0.tgz 740ms (cache miss)
941 http fetch GET 200 https://registry.npmjs.org/@aws-sdk/credential-provider-node/-/credential-provider-node-3.968.0.tgz 741ms (cache miss)
942 http fetch GET 200 https://registry.npmjs.org/@aws-crypto/sha1-browser/-/sha1-browser-5.2.0.tgz 748ms (cache miss)
943 http fetch GET 200 https://registry.npmjs.org/@aws-sdk/middleware-expect-continue/-/middleware-expect-continue-3.968.0.tgz 748ms (cache miss)
944 http fetch GET 200 https://registry.npmjs.org/@aws-sdk/middleware-bucket-endpoint/-/middleware-bucket-endpoint-3.968.0.tgz 749ms (cache miss)
945 http fetch GET 200 https://registry.npmjs.org/@aws-crypto/sha256-browser/-/sha256-browser-5.2.0.tgz 756ms (cache miss)
946 http fetch GET 200 https://registry.npmjs.org/@smithy/util-buffer-from/-/util-buffer-from-2.2.0.tgz 779ms (cache miss)
947 http fetch GET 200 https://registry.npmjs.org/@smithy/is-array-buffer/-/is-array-buffer-2.2.0.tgz 780ms (cache miss)
948 http fetch GET 200 https://registry.npmjs.org/@aws-crypto/sha256-js/-/sha256-js-5.2.0.tgz 789ms (cache miss)
949 http fetch GET 200 https://registry.npmjs.org/@smithy/util-utf8/-/util-utf8-2.3.0.tgz 790ms (cache miss)
950 http fetch GET 200 https://registry.npmjs.org/@aws-sdk/middleware-flexible-checksums/-/middleware-flexible-checksums-3.968.0.tgz 793ms (cache miss)
951 http fetch GET 200 https://registry.npmjs.org/qs 528ms (cache revalidated)
952 silly packumentCache corgi:https://registry.npmjs.org/qs set size:111251 disposed:false
953 silly packumentCache corgi:https://registry.npmjs.org/postman-request cache-miss
954 http fetch GET 200 https://registry.npmjs.org/@smithy/util-utf8/-/util-utf8-2.3.0.tgz 804ms (cache miss)
955 http fetch GET 200 https://registry.npmjs.org/@smithy/is-array-buffer/-/is-array-buffer-2.2.0.tgz 804ms (cache miss)
956 http fetch GET 200 https://registry.npmjs.org/@smithy/util-buffer-from/-/util-buffer-from-2.2.0.tgz 807ms (cache miss)
957 http fetch GET 200 https://registry.npmjs.org/@smithy/is-array-buffer/-/is-array-buffer-2.2.0.tgz 813ms (cache miss)
958 http fetch GET 200 https://registry.npmjs.org/@smithy/util-utf8/-/util-utf8-2.3.0.tgz 819ms (cache miss)
959 http fetch GET 200 https://registry.npmjs.org/@smithy/util-buffer-from/-/util-buffer-from-2.2.0.tgz 829ms (cache miss)
960 http fetch GET 200 https://registry.npmjs.org/postman-request 72ms (cache revalidated)
961 silly packumentCache corgi:https://registry.npmjs.org/postman-request set size:157831 disposed:false
962 silly packumentCache corgi:https://registry.npmjs.org/iyzipay cache-miss
963 http fetch GET 200 https://registry.npmjs.org/@smithy/core/-/core-3.20.5.tgz 876ms (cache miss)
964 http fetch GET 200 https://registry.npmjs.org/@aws-sdk/core/-/core-3.968.0.tgz 886ms (cache miss)
965 http fetch GET 200 https://registry.npmjs.org/iyzipay 69ms (cache revalidated)
966 silly packumentCache corgi:https://registry.npmjs.org/iyzipay set size:36562 disposed:false
967 http fetch GET 200 https://registry.npmjs.org/@aws-sdk/client-s3/-/client-s3-3.968.0.tgz 949ms (cache miss)
968 silly ADD node_modules/strnum
969 silly ADD node_modules/@smithy/querystring-parser
970 silly ADD node_modules/@smithy/util-uri-escape
971 silly ADD node_modules/@smithy/abort-controller
972 silly ADD node_modules/@smithy/service-error-classification
973 silly ADD node_modules/@smithy/util-buffer-from
974 silly ADD node_modules/@smithy/chunked-blob-reader-native
975 silly ADD node_modules/@smithy/chunked-blob-reader
976 silly ADD node_modules/@smithy/querystring-builder
977 silly ADD node_modules/@smithy/util-hex-encoding
978 silly ADD node_modules/@smithy/eventstream-codec
979 silly ADD node_modules/@smithy/eventstream-serde-universal
980 silly ADD node_modules/@smithy/uuid
981 silly ADD node_modules/fast-xml-parser
982 silly ADD node_modules/bowser
983 silly ADD node_modules/@aws/lambda-invoke-store
984 silly ADD node_modules/@smithy/is-array-buffer
985 silly ADD node_modules/@aws-sdk/crc64-nvme
986 silly ADD node_modules/@aws-crypto/crc32c
987 silly ADD node_modules/@aws-crypto/crc32
988 silly ADD node_modules/@smithy/util-config-provider
989 silly ADD node_modules/@aws-sdk/util-arn-parser
990 silly ADD node_modules/@aws-sdk/token-providers
991 silly ADD node_modules/@aws-sdk/client-sso
992 silly ADD node_modules/@aws-sdk/nested-clients
993 silly ADD node_modules/@aws-sdk/credential-provider-login
994 silly ADD node_modules/@smithy/shared-ini-file-loader
995 silly ADD node_modules/@smithy/credential-provider-imds
996 silly ADD node_modules/@aws-sdk/credential-provider-web-identity
997 silly ADD node_modules/@aws-sdk/credential-provider-sso
998 silly ADD node_modules/@aws-sdk/credential-provider-process
999 silly ADD node_modules/@aws-sdk/credential-provider-ini
1000 silly ADD node_modules/@aws-sdk/credential-provider-http
1001 silly ADD node_modules/@aws-sdk/credential-provider-env
1002 silly ADD node_modules/@smithy/signature-v4
1003 silly ADD node_modules/@smithy/property-provider
1004 silly ADD node_modules/@aws-sdk/xml-builder
1005 silly ADD node_modules/@aws-sdk/util-locate-window
1006 silly ADD node_modules/@aws-crypto/util
1007 silly ADD node_modules/@aws-crypto/util/node_modules/@smithy/is-array-buffer
1008 silly ADD node_modules/@aws-crypto/util/node_modules/@smithy/util-buffer-from
1009 silly ADD node_modules/@aws-crypto/util/node_modules/@smithy/util-utf8
1010 silly ADD node_modules/@aws-crypto/supports-web-crypto
1011 silly ADD node_modules/@smithy/util-waiter
1012 silly ADD node_modules/@smithy/util-utf8
1013 silly ADD node_modules/@smithy/util-stream
1014 silly ADD node_modules/@smithy/util-retry
1015 silly ADD node_modules/@smithy/util-middleware
1016 silly ADD node_modules/@smithy/util-endpoints
1017 silly ADD node_modules/@smithy/util-defaults-mode-node
1018 silly ADD node_modules/@smithy/util-defaults-mode-browser
1019 silly ADD node_modules/@smithy/util-body-length-node
1020 silly ADD node_modules/@smithy/util-body-length-browser
1021 silly ADD node_modules/@smithy/util-base64
1022 silly ADD node_modules/@smithy/url-parser
1023 silly ADD node_modules/@smithy/types
1024 silly ADD node_modules/@smithy/smithy-client
1025 silly ADD node_modules/@smithy/protocol-http
1026 silly ADD node_modules/@smithy/node-http-handler
1027 silly ADD node_modules/@smithy/node-config-provider
1028 silly ADD node_modules/@smithy/middleware-stack
1029 silly ADD node_modules/@smithy/middleware-serde
1030 silly ADD node_modules/@smithy/middleware-retry
1031 silly ADD node_modules/@smithy/middleware-endpoint
1032 silly ADD node_modules/@smithy/middleware-content-length
1033 silly ADD node_modules/@smithy/md5-js
1034 silly ADD node_modules/@smithy/invalid-dependency
1035 silly ADD node_modules/@smithy/hash-stream-node
1036 silly ADD node_modules/@smithy/hash-node
1037 silly ADD node_modules/@smithy/hash-blob-browser
1038 silly ADD node_modules/@smithy/fetch-http-handler
1039 silly ADD node_modules/@smithy/eventstream-serde-node
1040 silly ADD node_modules/@smithy/eventstream-serde-config-resolver
1041 silly ADD node_modules/@smithy/eventstream-serde-browser
1042 silly ADD node_modules/@smithy/core
1043 silly ADD node_modules/@smithy/config-resolver
1044 silly ADD node_modules/@aws-sdk/util-user-agent-node
1045 silly ADD node_modules/@aws-sdk/util-user-agent-browser
1046 silly ADD node_modules/@aws-sdk/util-endpoints
1047 silly ADD node_modules/@aws-sdk/types
1048 silly ADD node_modules/@aws-sdk/signature-v4-multi-region
1049 silly ADD node_modules/@aws-sdk/region-config-resolver
1050 silly ADD node_modules/@aws-sdk/middleware-user-agent
1051 silly ADD node_modules/@aws-sdk/middleware-ssec
1052 silly ADD node_modules/@aws-sdk/middleware-sdk-s3
1053 silly ADD node_modules/@aws-sdk/middleware-recursion-detection
1054 silly ADD node_modules/@aws-sdk/middleware-logger
1055 silly ADD node_modules/@aws-sdk/middleware-location-constraint
1056 silly ADD node_modules/@aws-sdk/middleware-host-header
1057 silly ADD node_modules/@aws-sdk/middleware-flexible-checksums
1058 silly ADD node_modules/@aws-sdk/middleware-expect-continue
1059 silly ADD node_modules/@aws-sdk/middleware-bucket-endpoint
1060 silly ADD node_modules/@aws-sdk/credential-provider-node
1061 silly ADD node_modules/@aws-sdk/core
1062 silly ADD node_modules/@aws-crypto/sha256-js
1063 silly ADD node_modules/@aws-crypto/sha256-browser
1064 silly ADD node_modules/@aws-crypto/sha256-browser/node_modules/@smithy/is-array-buffer
1065 silly ADD node_modules/@aws-crypto/sha256-browser/node_modules/@smithy/util-buffer-from
1066 silly ADD node_modules/@aws-crypto/sha256-browser/node_modules/@smithy/util-utf8
1067 silly ADD node_modules/@aws-crypto/sha1-browser
1068 silly ADD node_modules/@aws-crypto/sha1-browser/node_modules/@smithy/is-array-buffer
1069 silly ADD node_modules/@aws-crypto/sha1-browser/node_modules/@smithy/util-buffer-from
1070 silly ADD node_modules/@aws-crypto/sha1-browser/node_modules/@smithy/util-utf8
1071 silly ADD node_modules/@aws-sdk/client-s3
1072 verbose cwd /Users/erdemaslan/grohnfabrics
1073 verbose os Darwin 25.2.0
1074 verbose node v24.12.0
1075 verbose npm  v11.6.2
1076 verbose exit 0
1077 info ok
